just_date,Count,TMAX
2018-01-14,28,27
2018-02-11,7,26
2018-03-04,-1,60
2018-03-10,15,53
2018-03-12,6,47
2018-03-14,1,57
2018-03-15,1,69
2018-03-16,-1,50
2018-03-17,2,48
2018-03-19,-1,48
2018-03-21,3,51
2018-03-23,3,52
2018-03-24,6,43
2018-03-25,4,50
2018-03-26,1,55
2018-03-28,0,50
2018-03-29,2,49
2018-03-30,1,57
2015-04-01,16,78
2017-04-01,18,60
2018-04-01,8,39
2018-04-02,4,42
2018-04-03,9,73
2018-04-04,10,42
2018-04-05,14,64
2018-04-06,17,52
2018-04-07,18,44
2018-04-08,10,43
2018-04-09,20,48
2018-04-10,11,52
2018-04-11,14,77
2018-04-12,18,85
2018-04-13,14,79
2018-04-14,15,64
2018-04-15,8,43
2018-04-16,15,48
2018-04-17,17,60
2018-04-18,23,69
2018-04-19,10,56
2018-04-20,4,62
2018-04-21,13,67
2018-04-22,11,61
2018-04-23,12,60
2018-04-24,20,72
2018-04-25,5,66
2018-04-26,27,72
2018-04-27,16,72
2018-04-28,19,63
2018-04-29,23,65
2018-04-30,12,80
2008-07-03,19,81
2014-07-12,12,97
2017-08-01,18,91
1991-09-01,1,
2016-09-01,24,82
2017-09-23,17,92
2017-10-01,24,79
2017-10-29,21,54
2017-12-22,23,52
2017-12-23,21,36
2018-01-01,25,9
2018-02-01,12,41
2018-03-01,3,57
2018-03-02,2,53
2018-03-03,1,57
2018-03-08,6,42
2018-03-11,8,45
2018-03-13,2,49
2018-03-20,3,45
2018-03-22,1,51
1991-01-01,2,
2012-01-01,45,56
2018-01-03,16,27
2018-01-05,21,20
2018-01-20,23,60
2018-01-21,18,69
2018-01-22,22,62
2018-01-23,10,37
2018-01-24,20,42
2017-01-29,5,38
2018-01-31,23,59
2018-02-02,10,31
2018-02-03,9,46
2018-02-04,10,38
2018-02-05,14,29
2018-02-06,8,26
2016-02-07,20,55
2018-02-07,8,34
2018-02-08,5,48
2018-02-09,9,57
2018-02-10,15,28
2018-02-12,14,38
2018-02-13,9,47
2018-02-14,11,66
2018-02-15,18,80
2018-02-16,18,48
2018-02-17,10,43
2018-02-18,20,53
2018-02-19,9,68
2018-02-20,5,69
2018-02-21,3,34
2017-02-22,9,74
2018-02-22,5,45
2018-02-23,18,50
2018-02-24,10,55
2018-02-25,10,53
2018-02-26,10,62
2018-02-27,15,69
2018-02-28,9,58
2017-06-21,21,97
1973-07-01,1,
2017-12-07,23,35
2017-12-21,11,57
2018-01-02,8,19
2018-01-04,9,18
2018-01-06,8,21
2018-01-07,10,39
2018-01-08,6,37
2018-01-09,13,38
2018-01-10,18,59
2018-01-11,12,65
2018-01-12,13,18
2018-01-13,12,23
2018-01-15,10,29
2018-01-16,5,11
2018-01-17,8,25
2018-01-18,22,46
2018-01-19,11,57
2018-01-25,16,66
2018-01-26,11,62
2018-01-27,20,56
2018-01-28,3,56
2018-01-29,9,34
2018-01-30,8,38
2017-02-15,9,49
2014-03-26,20,54
2001-05-01,1,
2017-06-16,14,92
2016-07-22,21,88
2016-09-10,14,79
2017-09-20,16,97
2017-10-31,22,44
1999-11-01,1,
2017-11-29,15,57
2017-12-02,24,63
2017-12-19,18,53
2017-12-28,13,21
2017-12-31,12,12
2014-01-01,31,48
2013-02-17,11,49
2016-05-22,24,84
2017-06-01,27,84
2017-06-26,13,81
2016-07-01,23,84
2017-07-20,17,102
2017-08-13,29,83
2017-09-01,20,77
2017-10-10,20,75
2012-10-22,11,75
2017-10-22,34,71
2017-10-24,24,55
2017-11-06,17,52
2017-11-08,19,52
2017-11-10,15,39
2017-11-14,19,53
2017-11-15,17,62
2017-11-17,13,60
2017-11-20,28,61
2017-11-23,23,59
2017-11-24,26,74
2017-11-25,37,61
2017-11-27,11,72
2017-11-28,36,74
2017-11-30,21,57
2017-12-01,17,56
2017-12-03,17,65
2017-12-04,19,70
2017-12-05,17,47
2017-12-06,16,48
2017-12-08,11,40
2017-12-09,12,36
2017-12-10,15,52
2017-12-11,15,58
2017-12-12,13,41
2017-12-13,9,58
2017-12-14,12,39
2017-12-15,12,45
2017-12-16,19,62
2017-12-17,16,55
2017-12-18,10,54
2017-12-20,19,51
2017-12-24,6,30
2017-12-25,10,29
2017-12-26,6,24
2017-12-27,8,12
2017-12-29,16,26
2012-12-30,20,43
2017-12-30,12,25
2015-03-01,13,32
2017-05-10,32,88
2017-05-26,23,87
2017-06-07,31,82
2017-07-18,16,98
2017-08-11,19,84
2017-08-26,14,84
2017-09-09,14,84
2017-09-15,45,90
2017-10-12,18,61
2017-10-25,34,67
2017-10-26,16,77
2017-10-27,25,54
2017-10-28,24,41
2017-10-30,23,54
2017-11-01,22,52
2017-11-02,20,79
2017-11-03,16,58
2017-11-04,27,68
2017-11-05,31,79
2017-11-07,38,50
2017-11-09,17,58
2017-11-11,21,50
2017-11-12,20,49
2017-11-13,20,49
2017-11-16,11,47
2017-11-18,15,72
2017-11-19,10,43
2017-11-21,13,57
2017-11-22,14,40
2017-11-26,31,62
2016-12-24,23,45
2017-01-01,19,44
2017-01-09,17,46
2017-04-04,12,66
2017-04-14,21,85
2017-05-20,23,82
2017-06-13,20,96
2017-07-01,14,90
2017-07-21,17,104
2014-08-01,13,87
2017-08-21,23,93
2017-08-22,25,84
2017-08-31,23,80
2017-09-03,23,88
2017-09-05,20,77
2017-09-10,23,77
2017-09-12,14,79
2017-09-13,17,76
2017-09-14,14,88
2017-09-21,13,89
2017-09-22,21,95
2017-09-24,20,92
2017-09-25,22,92
2017-09-26,9,93
2017-09-27,24,73
2017-09-28,13,77
2017-09-29,19,84
2017-09-30,17,75
2017-10-02,25,86
2017-10-03,8,80
2017-10-04,23,79
2017-10-05,30,82
2017-10-06,27,84
2017-10-07,24,82
2017-10-08,27,80
2017-10-09,19,80
2017-10-11,12,59
2017-10-13,25,77
2017-10-14,27,89
2017-10-15,33,75
2017-10-16,14,67
2017-10-17,25,70
2017-10-18,15,75
2017-10-19,12,80
2017-10-20,15,76
2017-10-21,28,81
2017-10-23,12,70
2008-02-18,17,37
2016-03-18,11,53
2017-03-31,23,51
2016-06-01,21,86
2017-08-07,26,81
2017-08-16,16,91
2017-08-23,26,79
2017-08-25,17,80
2017-08-27,19,87
2017-08-28,20,83
2017-08-29,18,83
2017-08-30,10,83
2017-09-02,17,80
2017-09-04,12,94
2017-09-06,17,70
2017-09-07,12,77
2017-09-08,15,85
2017-09-11,21,79
2017-09-16,15,91
2017-09-17,28,82
2017-09-18,8,85
2017-09-19,28,89
2013-11-06,7,60
2016-11-07,18,72
2009-01-01,26,43
2017-04-28,15,60
2017-05-05,9,69
2005-05-15,1,
2017-06-04,19,88
2017-06-10,25,89
2017-06-15,9,90
2017-06-17,21,90
2017-06-18,20,84
2017-06-19,22,88
2017-06-22,15,87
2017-06-24,18,81
2017-06-28,8,90
2017-06-30,17,87
2017-07-04,30,87
2017-07-07,8,97
2017-07-10,21,100
2017-07-15,18,89
2017-07-17,17,92
2017-07-19,25,102
2017-07-27,18,88
2017-07-28,15,88
2016-07-29,19,88
2017-07-29,24,84
2017-07-30,22,85
2017-07-31,14,87
2017-08-02,18,90
2017-08-03,18,94
2017-08-04,20,79
2017-08-05,22,79
2017-08-06,21,73
2017-08-08,29,82
2017-08-09,27,85
2017-08-10,12,91
2017-08-12,23,81
2017-08-14,18,84
2017-08-15,27,91
2017-08-17,16,88
2017-08-18,20,91
2017-08-19,26,92
2017-08-20,8,93
2017-08-24,14,81
2015-10-10,27,71
2016-12-02,6,49
1992-04-01,1,
2017-04-08,25,79
2017-04-09,22,84
2017-04-18,17,79
2017-04-21,17,58
2013-05-12,17,63
2017-05-19,14,85
2017-05-29,36,88
2017-06-05,8,92
2017-06-14,12,93
2017-06-23,12,88
2017-06-27,16,83
2017-06-29,14,93
2017-07-02,17,93
2017-07-03,23,94
2017-07-05,29,88
2017-07-06,7,92
2017-07-08,18,93
2017-07-09,22,97
2017-07-11,31,101
2017-07-12,21,103
2017-07-13,20,97
2017-07-14,18,92
2017-07-16,21,97
2008-07-20,26,99
2017-07-22,23,108
2017-07-23,18,94
2017-07-24,12,91
2017-07-25,9,93
2017-07-26,18,98
2016-08-25,19,94
2016-09-12,27,83
2010-10-01,20,75
2007-01-01,9,
2016-01-01,26,42
2017-02-18,26,63
2017-02-21,12,67
2017-02-26,11,50
2011-04-02,17,68
2017-04-30,24,74
2016-05-01,22,73
2017-05-03,8,59
2017-05-04,13,54
2017-05-12,13,74
2016-05-15,24,66
2017-05-15,19,90
2017-05-17,32,84
2017-05-21,36,73
2017-05-22,20,79
2017-05-24,22,71
2017-05-25,15,78
2017-05-27,20,84
2017-05-30,13,83
2017-06-02,22,92
2017-06-03,22,92
2017-06-06,15,82
2017-06-08,17,83
2017-06-09,6,88
2017-06-11,19,93
2017-06-12,21,95
2017-06-20,19,92
2017-06-25,19,85
2015-08-01,20,92
2016-08-30,22,93
2001-11-10,1,
2017-05-13,18,82
2016-04-01,15,57
2017-05-09,15,88
2016-05-08,18,77
2017-05-11,18,74
2010-10-15,20,71
2017-05-14,21,86
2017-04-05,10,63
2017-05-01,24,58
2017-05-23,19,73
2017-05-02,6,71
2017-04-29,17,74
2017-05-16,29,90
2017-05-06,27,70
2015-01-01,40,41
2017-05-07,24,77
2017-03-25,16,67
2017-05-18,7,91
2016-12-01,15,47
2016-09-15,19,88
2017-05-28,9,82
2017-05-08,18,84
2017-04-07,12,63
2017-05-31,21,84
2017-04-02,20,69
1900-01-01,1,
2017-04-13,14,84
2017-04-25,13,82
2017-03-29,14,67
2017-03-24,10,81
2017-03-19,17,58
2017-04-27,7,63
2017-03-26,28,64
2017-04-24,13,77
2017-03-30,13,71
2017-02-12,11,57
2016-11-12,18,56
2016-02-27,12,67
2017-04-20,19,83
2017-02-19,22,72
2008-01-12,33,54
2017-01-17,12,54
2017-02-24,18,67
2017-03-01,10,68
2017-03-20,23,86
2017-03-21,14,66
2017-03-27,22,58
2017-04-03,14,71
2017-04-06,9,59
2016-04-08,22,56
2017-04-10,18,81
2017-04-11,11,62
2017-04-12,11,73
2017-04-15,29,86
2017-04-16,22,77
2017-04-17,19,71
2017-04-19,14,88
2017-04-22,13,63
2017-04-23,21,74
2017-04-26,7,72
2009-08-20,16,81
2016-08-27,23,94
2012-09-08,18,74
2016-11-03,19,69
2016-12-05,17,46
1984-01-01,1,
2002-01-01,2,
2003-01-01,6,
2017-01-11,23,71
2011-01-25,7,36
2017-01-27,13,35
2017-01-30,21,55
2017-02-02,5,38
2017-02-10,16,70
2017-02-11,28,74
2017-02-16,9,71
2012-02-18,33,46
2017-02-20,25,79
2017-02-25,12,42
2017-02-27,14,65
2017-02-28,13,75
2017-03-02,9,51
2017-03-03,11,45
2017-03-04,24,72
2017-03-05,9,62
2017-03-06,8,70
2017-03-07,7,71
2017-03-08,17,68
2017-03-09,15,74
2017-03-10,8,46
2017-03-11,7,38
2017-03-12,15,44
2017-03-13,13,40
2017-03-14,8,32
2017-03-15,6,40
2017-03-16,11,51
2017-03-17,14,72
2017-03-18,28,59
2017-03-22,16,52
2017-03-23,10,62
2017-03-28,15,59
2014-07-17,14,80
2010-08-01,18,88
2016-11-01,41,85
2011-12-26,13,42
2017-01-02,16,50
2017-01-07,19,28
2017-01-14,10,35
2016-01-15,21,51
2017-01-18,12,49
2017-01-20,13,55
2017-01-28,14,44
2017-01-31,11,53
2017-02-01,14,48
2017-02-03,9,36
2017-02-04,20,42
2017-02-05,19,54
2017-02-06,21,64
2017-02-07,12,67
2017-02-08,8,40
2017-02-09,8,31
2017-02-13,12,50
2017-02-14,15,59
2016-02-16,9,41
2017-02-17,16,75
2017-02-23,9,72
2016-05-14,14,61
2016-10-31,25,74
2016-12-04,11,42
2016-12-23,17,43
2004-01-01,2,
2017-01-03,11,49
2017-01-04,10,28
2017-01-05,12,23
2017-01-06,11,16
2017-01-08,6,28
2017-01-10,17,68
2017-01-12,13,50
2017-01-13,6,32
2017-01-15,19,38
2017-01-16,11,59
2017-01-19,17,48
2017-01-21,29,72
2017-01-22,12,55
2017-01-23,25,44
2017-01-24,13,52
2017-01-25,10,54
2017-01-26,18,37
2016-03-09,10,67
2015-06-05,15,87
2015-07-01,14,87
2007-07-05,1,
2016-08-01,21,88
2016-10-01,19,73
2006-10-02,1,
2013-11-10,17,55
2016-11-14,16,70
2016-11-23,9,57
2016-11-30,20,46
2016-12-19,15,25
2016-12-31,21,55
2015-02-07,14,71
2015-02-22,8,36
2016-02-23,9,50
2016-08-02,28,87
2016-08-23,30,78
2016-09-13,19,91
2016-09-24,21,92
2016-09-27,19,82
2016-10-18,20,85
2016-10-19,5,69
2016-10-24,16,67
2016-10-27,18,61
2016-10-28,16,78
2016-10-29,24,86
2016-10-30,26,73
2016-11-06,13,66
2016-11-08,18,63
2016-11-10,9,67
2016-11-11,19,64
2016-11-16,19,71
2016-11-18,10,70
2016-11-19,11,49
2016-11-20,25,45
2016-11-21,11,50
2016-11-22,17,51
2016-11-24,15,45
2016-11-27,16,51
2016-11-28,13,54
2016-11-29,9,63
2016-12-03,14,45
2016-12-06,21,43
2016-12-07,10,40
2016-12-08,13,31
2016-12-09,20,31
2016-12-10,20,37
2016-12-11,18,49
2016-12-12,10,40
2016-12-13,10,38
2016-12-14,16,31
2016-12-15,6,21
2016-12-16,9,36
2016-12-17,18,40
2016-12-18,9,16
2016-12-20,12,45
2016-12-21,9,54
2016-12-22,22,47
2016-12-25,8,65
2016-12-26,16,68
2016-12-27,14,50
2016-12-28,15,52
2016-12-29,7,49
2016-12-30,19,50
2016-02-03,16,50
2011-02-04,5,30
2010-03-07,17,70
2016-03-22,17,76
2008-05-27,16,77
2016-06-07,22,81
2016-08-05,14,87
2016-08-31,22,87
2016-09-09,11,89
2016-09-21,27,90
2016-09-23,17,92
2016-09-30,12,69
2016-10-02,19,72
2016-10-09,17,78
2016-10-10,18,76
2016-10-12,17,76
2016-10-14,8,70
2016-10-23,23,81
2016-10-26,18,71
2016-11-02,32,85
2016-11-04,16,68
2016-11-05,11,65
2016-11-09,10,61
2016-11-13,19,62
2016-11-15,17,64
2016-11-17,8,83
2016-11-25,12,47
2016-11-26,18,52
2012-12-02,19,75
2012-12-14,11,58
2016-02-24,13,44
2016-04-19,17,77
2016-04-24,26,83
2016-04-25,18,87
2015-06-04,15,78
2015-06-07,19,94
2016-08-11,17,98
2016-08-12,21,93
2016-08-16,16,87
2016-08-18,13,92
2016-08-26,15,88
2016-08-28,13,96
2016-09-02,12,81
2016-09-05,23,95
2011-09-13,19,93
2016-09-14,15,87
2016-09-18,15,83
2016-09-22,20,90
2016-09-25,21,91
2016-09-28,14,70
2016-09-29,13,71
2016-10-03,12,76
2016-10-04,21,83
2016-10-05,24,85
2016-10-06,26,87
2016-10-07,12,73
2016-10-08,14,73
2016-10-11,18,82
2016-10-13,12,60
2016-10-15,23,82
2016-10-16,20,88
2016-10-17,11,91
2016-10-20,17,64
2016-10-21,7,61
2016-10-22,27,70
2015-10-24,27,71
2016-10-25,4,69
2016-01-02,19,48
2016-03-01,17,56
2016-03-12,13,60
2016-03-31,16,73
2016-05-16,28,59
2015-06-01,23,67
2016-06-29,12,83
2016-07-06,25,87
2016-07-15,19,88
2016-07-16,27,87
2016-08-07,27,87
2016-08-17,17,89
2016-08-20,13,83
2016-08-22,10,85
2016-09-03,18,83
2016-09-04,33,88
2016-09-06,18,95
2016-09-07,27,96
2016-09-08,13,85
2016-09-11,23,80
2016-09-16,3,78
2016-09-17,17,83
2016-09-19,19,88
2016-09-20,13,93
2016-09-26,17,76
2015-12-15,10,49
2010-01-01,36,22
2016-01-03,17,39
2016-01-12,18,39
2016-01-18,14,18
2013-02-15,12,42
2016-05-27,15,79
2016-06-28,19,88
2016-07-08,29,93
2016-07-09,15,89
2016-07-13,19,95
2016-07-14,21,92
2016-07-19,20,95
2016-07-21,14,98
2016-07-23,16,96
2016-07-25,19,90
2016-07-27,8,93
2016-07-28,29,91
2016-07-30,13,87
2016-07-31,24,92
2016-08-03,16,88
2016-08-04,17,97
2016-08-06,19,86
2016-08-08,12,88
2016-08-09,19,93
2016-08-10,19,94
2016-08-13,16,88
2016-08-14,17,76
2016-08-15,18,80
2016-08-19,22,89
2016-08-21,25,82
2016-08-24,11,95
2016-08-29,19,94
2013-08-30,19,102
2015-11-28,14,40
2008-01-01,33,29
2016-01-23,11,36
2016-02-01,16,54
2016-02-25,17,42
2011-03-15,14,46
2016-03-23,15,69
2016-05-03,13,66
2016-05-28,28,86
2016-06-08,14,85
2016-06-11,16,95
2016-06-12,14,98
2011-06-13,12,77
2016-06-14,24,94
2016-06-15,21,99
2016-06-23,17,99
2016-06-24,13,94
2016-06-30,13,81
2016-07-02,22,71
2016-07-03,21,72
2016-07-04,31,81
2016-07-05,18,95
2016-07-07,23,88
2016-07-10,27,93
2016-07-11,17,93
2016-07-12,18,89
2016-07-17,23,96
2016-07-18,10,95
2016-07-20,16,92
2016-07-24,17,101
2016-07-26,21,92
2015-08-02,20,96
2015-08-12,18,88
2015-10-21,14,86
2015-11-05,16,69
2015-11-29,14,42
2016-01-06,15,47
2016-03-10,12,59
2016-04-17,25,82
2016-04-18,14,83
2016-04-27,9,79
2010-05-01,14,74
2016-05-12,12,74
2016-05-21,23,78
2016-05-24,17,87
2016-05-26,25,82
2016-05-30,21,91
2016-05-31,17,85
2016-06-02,8,87
2016-06-03,20,79
2016-06-04,13,83
2016-06-05,26,80
2016-06-06,13,91
2016-06-09,17,91
2016-06-10,15,95
2016-06-13,19,96
2016-06-16,13,99
2016-06-17,18,88
2016-06-18,21,91
2016-06-19,11,94
2016-06-20,22,96
2016-06-21,21,89
2016-06-22,17,98
2016-06-25,28,97
2016-06-26,20,96
2016-06-27,16,96
2015-07-21,35,85
2015-09-01,14,93
2015-09-17,27,91
2014-10-01,30,88
2015-10-01,10,69
2010-11-01,25,61
2015-11-16,13,57
2010-01-05,12,22
2016-01-17,13,27
2016-03-19,13,52
2016-03-24,12,67
2016-03-25,15,54
2015-04-12,16,77
2016-04-15,22,78
2016-04-16,21,78
2016-04-20,10,71
2016-04-21,12,76
2016-04-23,18,73
2016-04-29,11,66
2016-04-30,19,77
2016-05-02,16,58
2016-05-04,11,70
2016-05-05,20,68
2016-05-06,13,81
2016-05-07,29,88
2016-05-09,16,73
2016-05-10,15,81
2016-05-11,11,82
2016-05-13,14,79
2016-05-17,6,54
2016-05-18,22,69
2016-05-19,17,72
2016-05-20,14,73
2016-05-23,13,85
2016-05-25,17,84
2016-05-29,14,88
2013-07-28,17,83
2016-01-27,13,43
2016-03-08,13,75
2016-03-13,13,66
2016-03-21,8,61
2016-03-26,14,65
2016-03-27,14,63
2016-03-28,22,63
2016-03-29,8,63
2016-03-30,11,69
2016-04-02,21,61
2016-04-03,12,78
2016-04-04,17,68
2016-04-05,13,57
2016-04-06,8,60
2016-04-07,17,61
2016-04-09,14,51
2016-04-10,13,65
2016-04-11,21,59
2016-04-12,14,58
2016-04-13,10,65
2016-04-14,16,71
2016-04-22,20,76
2016-04-26,19,83
2016-04-28,14,74
2013-12-01,16,58
2015-12-01,17,53
2016-01-11,17,42
2016-02-09,8,26
2016-02-18,15,61
2016-02-19,16,77
2016-02-22,15,48
2016-02-26,8,42
2016-03-02,16,44
2016-03-03,12,49
2016-03-04,15,43
2016-03-05,17,57
2016-03-06,22,63
2016-03-07,11,76
2016-03-11,13,61
2016-03-14,22,70
2016-03-15,30,82
2016-03-16,23,67
2016-03-17,16,66
2016-03-20,7,48
2015-10-12,17,81
2016-01-04,14,37
2016-01-09,20,45
2016-01-10,19,18
2016-01-19,11,24
2016-01-21,8,28
2016-01-24,17,49
2016-01-31,12,68
2015-02-02,10,29
2016-02-02,17,66
2016-02-04,8,43
2016-02-05,7,42
2016-02-06,11,58
2016-02-08,12,40
2016-02-10,6,24
2016-02-11,4,32
2016-02-12,10,33
2016-02-13,7,24
2016-02-14,9,31
2016-02-15,10,42
2016-02-17,19,50
2016-02-20,12,78
2016-02-21,11,59
2016-02-28,11,75
2016-02-29,8,70
2015-07-09,16,79
2015-11-22,16,43
2000-11-30,1,
2007-12-01,4,
2015-12-10,16,70
2015-12-11,11,63
2011-01-01,26,40
2016-01-05,10,42
2016-01-07,15,51
2016-01-08,15,55
2011-01-13,9,29
2016-01-13,8,49
2016-01-14,10,66
2016-01-16,10,34
2015-01-18,20,58
2016-01-20,5,29
2016-01-22,8,30
2016-01-25,15,52
2016-01-26,8,38
2016-01-28,9,56
2016-01-29,6,51
2016-01-30,18,66
2008-05-05,22,78
2005-07-21,1,
2015-07-28,16,100
2015-08-17,15,91
2015-08-27,23,80
2015-11-20,15,54
2010-11-29,25,52
2015-11-30,12,48
2015-12-02,11,45
2015-12-08,14,63
2015-12-12,8,72
2015-12-16,12,60
2007-12-17,2,
2015-12-20,16,57
2015-12-24,15,52
2015-12-25,11,52
2015-12-27,11,47
2015-12-28,10,48
2015-12-29,13,37
2015-12-30,12,35
2015-12-31,16,34
2015-04-27,19,67
2015-05-08,20,77
2014-05-20,15,89
2004-06-23,1,
2015-07-14,22,97
2015-07-16,19,92
2015-07-31,16,94
2015-09-15,22,85
2015-11-01,22,72
2015-11-06,14,68
2013-11-08,15,59
2015-11-08,10,57
2015-11-09,26,60
2015-11-14,14,71
2015-11-15,12,68
2015-11-24,20,65
2015-11-27,9,66
2015-12-03,24,49
2015-12-04,13,54
2015-12-05,19,54
2015-12-06,22,52
2015-12-07,9,50
2015-12-09,9,61
2015-12-13,21,68
2015-12-14,12,58
2015-12-17,11,38
2015-12-18,14,42
2015-12-19,11,47
2015-12-21,8,67
2015-12-22,16,54
2015-12-23,13,64
2015-12-26,6,54
2013-01-01,25,31
2005-01-21,1,
2015-02-12,15,29
2013-06-16,20,87
2015-06-21,33,89
2011-07-01,22,96
2015-08-19,22,74
2015-08-29,17,84
2015-09-23,12,85
2007-09-27,1,
2013-10-01,17,82
2015-10-11,20,81
2015-10-17,9,56
2015-10-19,13,79
2015-10-22,16,83
2015-10-25,25,64
2015-10-26,15,70
2015-10-27,12,62
2015-10-29,11,58
2015-10-30,15,58
2015-10-31,18,62
2014-11-02,20,52
2015-11-02,10,71
2015-11-03,19,66
2015-11-04,8,70
2015-11-07,14,59
2015-11-10,20,65
2015-11-11,6,68
2015-11-12,15,61
2015-11-13,18,60
2015-11-17,18,69
2015-11-18,11,66
2015-11-19,7,56
2015-11-21,10,47
2015-11-23,9,61
2015-11-25,19,60
2015-11-26,19,72
1997-01-01,0,
2014-01-06,7,2
2015-01-21,23,48
2015-01-29,20,54
2015-02-03,10,50
2007-02-07,1,
2014-03-17,14,49
2015-03-18,22,47
2010-04-24,18,68
2015-04-24,16,67
2013-05-01,19,83
2015-06-11,12,93
2015-07-06,11,90
2015-07-30,8,92
2015-08-03,30,94
2015-08-15,4,91
2015-09-04,12,96
2015-09-07,14,91
2015-09-08,21,91
2015-09-11,11,77
2015-09-13,13,75
2015-09-14,12,83
2015-09-16,12,87
2015-09-18,21,92
2015-09-19,19,81
2015-09-22,17,83
2015-09-24,10,85
2015-09-25,11,86
2015-09-26,32,77
2015-09-27,28,77
2015-09-28,12,84
2015-09-29,14,79
2015-09-30,18,72
2015-10-02,20,70
2015-10-03,15,60
2015-10-04,8,60
2015-10-05,9,72
2015-10-06,16,77
2015-10-07,18,75
2015-10-08,21,85
2015-10-09,12,70
2015-10-13,7,74
2015-10-14,9,76
2015-10-15,7,81
2015-10-16,21,65
2015-10-18,13,63
2015-10-20,15,81
2015-10-23,12,76
2015-10-28,12,61
2005-11-21,1,
2011-11-21,23,47
2015-04-09,23,84
2015-04-18,10,79
2015-06-25,10,95
2015-07-11,34,94
2015-07-18,23,94
2015-07-19,26,87
2015-08-09,17,91
2015-08-16,12,91
2015-08-18,17,91
2015-08-24,14,81
2015-08-25,16,80
2015-08-28,17,83
2015-08-30,27,89
2015-08-31,19,91
2015-09-02,23,94
2015-09-03,16,94
2015-09-05,15,93
2015-09-06,30,96
2015-09-09,12,86
2015-09-10,9,88
2015-09-12,15,70
2015-09-20,13,76
2015-09-21,10,79
2008-10-08,18,70
2014-11-01,19,50
2013-12-20,20,71
2014-12-26,21,62
2015-02-19,8,18
2015-04-06,22,67
2015-05-21,13,67
2015-05-25,33,86
2015-06-19,15,76
2015-06-24,21,87
2015-06-26,14,83
2015-06-27,10,82
2015-07-10,26,80
2015-07-15,10,87
2015-07-20,16,85
2015-07-23,18,88
2015-07-24,11,92
2015-07-25,11,92
2015-07-27,20,97
2015-07-29,15,91
2014-07-30,14,86
2015-08-04,22,92
2015-08-05,25,84
2015-08-06,14,86
2015-08-07,8,88
2015-08-08,17,91
2015-08-10,11,90
2015-08-11,17,87
2015-08-13,12,89
2015-08-14,11,90
2015-08-20,14,83
2015-08-21,16,83
2015-08-22,22,78
2014-08-23,24,99
2015-08-23,22,81
2015-08-26,10,80
2012-10-17,10,68
2008-11-13,15,63
2015-04-08,15,77
2015-04-16,22,79
2015-04-20,23,58
1993-05-01,2,
2014-05-09,8,81
2015-05-17,21,83
2015-05-27,26,85
2015-06-10,18,95
2015-06-14,12,83
2015-06-16,29,84
2015-06-17,15,80
2015-06-20,52,90
2015-06-22,23,93
2015-06-23,21,88
2015-06-28,22,84
2015-06-29,18,85
2015-06-30,15,86
2015-07-02,14,78
2015-07-03,23,83
2015-07-04,32,84
2015-07-05,20,89
2015-07-07,21,81
2015-07-08,10,74
2015-07-12,21,96
2015-07-13,9,99
2015-07-17,21,95
2015-07-22,28,85
2015-07-26,21,90
2014-09-19,19,80
2015-02-01,3,42
2015-02-10,7,44
2015-03-19,9,51
2015-03-28,13,46
2015-04-02,21,75
2015-04-28,9,70
2015-05-19,6,67
2015-05-24,29,87
2015-05-28,16,86
2015-05-29,13,86
2015-05-31,11,60
2015-06-02,15,74
2015-06-03,11,77
2015-06-06,10,85
2015-06-08,13,87
2015-06-09,13,92
2015-06-12,20,93
2015-06-13,38,90
2015-06-15,14,90
2015-06-18,6,81
2005-11-15,1,
2013-03-01,10,34
2015-03-16,23,83
2015-03-26,16,51
2015-04-04,15,63
2015-04-10,14,71
2014-04-20,24,83
2015-04-23,16,66
2005-04-24,1,
2015-04-25,11,71
2015-04-26,22,64
2015-04-29,22,76
2015-04-30,15,72
2015-05-01,17,72
2015-05-02,27,80
2015-05-03,5,85
2015-05-04,19,86
2015-05-05,10,85
2015-05-06,31,87
2015-05-07,10,86
2015-05-09,30,73
2015-05-10,11,84
2015-05-11,16,75
2015-05-12,14,70
2015-05-13,15,71
2015-05-14,5,77
2015-05-15,13,85
2015-05-16,14,79
2015-05-18,7,85
2015-05-20,13,57
2015-05-22,8,76
2015-05-23,23,79
2015-05-26,21,81
2015-05-30,16,75
2005-06-01,2,
2003-06-24,1,
2012-09-16,14,74
2012-12-20,12,56
2013-12-21,21,37
2015-01-17,26,63
2015-01-25,16,52
2015-02-24,10,43
2015-03-03,2,48
2015-03-13,8,54
2015-03-20,18,57
2015-03-22,11,65
2014-05-01,17,56
2015-03-25,17,60
2015-03-29,17,61
2015-03-30,16,72
2015-02-23,5,16
2015-04-03,12,61
2015-04-05,8,69
2015-04-07,8,73
2015-03-08,20,63
2015-04-11,14,68
2015-04-13,17,71
2015-04-14,13,69
2012-07-13,18,95
2015-04-15,25,70
2015-04-17,17,80
2015-02-17,10,35
2015-04-19,21,67
2015-04-21,12,68
2004-10-05,1,
2015-04-22,13,59
2012-06-24,19,99
2009-01-31,19,55
2015-01-03,12,42
2015-01-23,12,41
2015-01-26,9,42
2015-01-30,10,41
2015-02-14,15,38
2015-02-16,11,21
2015-02-18,7,22
2015-02-27,8,20
2015-02-28,4,28
2015-03-02,7,35
2015-03-04,18,37
2015-03-05,9,26
2015-03-06,13,51
2015-03-07,16,67
2015-03-09,10,58
2015-03-10,7,57
2015-03-11,16,75
2015-03-12,21,68
2010-03-14,30,49
2015-03-14,18,63
2015-03-15,14,74
2015-03-17,17,68
2015-03-21,16,69
2015-03-23,24,68
2015-03-24,17,47
2015-03-27,10,44
2015-03-31,8,77
1999-05-28,1,
2009-06-17,12,93
2009-07-17,27,78
2014-10-05,25,75
2014-11-17,11,27
2015-01-06,12,30
2015-01-12,11,36
2015-01-15,17,47
2015-01-16,10,53
2015-01-20,21,51
2011-01-22,15,34
2015-01-28,12,52
2015-01-31,14,47
2015-02-04,9,41
2015-02-05,10,28
2015-02-06,10,54
2015-02-08,14,68
2015-02-09,13,41
2015-02-11,12,42
2015-02-13,15,42
2015-02-15,12,20
2015-02-20,9,28
2006-02-21,1,
2015-02-21,6,41
2015-02-25,9,45
2015-02-26,7,33
2010-05-06,17,75
2012-05-06,21,92
2014-05-06,16,87
2014-06-23,15,90
2014-06-28,20,90
2005-07-01,2,
2014-07-20,19,87
2014-08-14,7,86
2014-09-01,20,87
2012-09-02,12,84
2014-10-29,11,59
2014-10-30,9,62
2013-11-01,15,65
2014-11-06,13,53
2014-11-23,21,57
2014-11-24,35,57
2014-11-30,18,72
2001-01-01,4,
2014-01-02,3,24
2015-01-02,17,41
2014-01-03,12,30
2015-01-04,17,40
2015-01-05,13,26
2015-01-07,21,22
2015-01-08,7,32
2015-01-09,12,32
2015-01-10,9,34
2013-01-11,17,64
2015-01-11,12,38
2015-01-13,15,28
2015-01-14,28,30
2015-01-19,22,56
2015-01-22,15,37
2015-01-24,17,55
2015-01-27,13,46
2011-02-05,5,38
2011-06-01,14,91
2014-07-01,20,89
2005-08-20,1,
2014-09-09,11,89
2004-09-16,1,
2014-09-16,17,67
2004-09-22,1,
2014-10-03,14,66
2014-10-10,9,59
2014-10-31,22,49
2014-11-10,29,73
2014-11-22,20,60
2014-11-25,29,42
2014-11-27,12,35
2014-12-05,17,47
2014-12-07,59,42
2014-12-10,12,37
2014-12-12,19,51
2014-12-13,18,56
2014-12-14,16,63
2014-12-17,14,39
2014-12-18,15,37
2014-12-20,24,43
2014-12-21,14,45
2014-12-23,19,51
2014-12-25,13,54
2014-12-27,14,50
2014-12-29,39,40
2014-12-30,16,33
2014-12-31,13,29
2014-06-01,16,90
2008-07-01,27,86
2011-08-01,26,100
2014-09-22,23,75
2014-09-29,13,88
2014-11-18,18,29
2014-11-19,25,45
2014-11-21,19,43
2014-11-26,11,36
2014-11-28,20,52
2014-11-29,13,66
2014-12-01,13,34
2014-12-02,13,37
2014-12-03,13,48
2014-12-04,18,41
2014-12-06,11,43
2014-12-08,15,49
2014-12-09,18,40
2014-12-11,16,42
2014-12-15,22,53
2014-12-16,11,45
2014-12-19,15,39
2014-12-22,16,52
2014-12-24,15,43
2014-12-28,10,38
2014-08-25,13,100
2014-10-08,14,78
2014-10-15,12,58
2014-10-24,21,75
2014-10-28,18,72
2014-11-03,15,72
2014-11-04,17,63
2014-11-05,15,63
2014-11-07,14,55
2014-11-08,20,54
2014-11-09,17,64
2014-11-11,12,63
2014-11-12,17,35
2014-11-13,9,32
2014-11-14,14,36
2014-11-15,22,39
2014-11-16,19,35
2009-11-17,14,49
2014-11-20,19,40
2004-12-18,1,
2013-03-09,31,68
2006-04-20,1,
2014-08-15,9,87
2014-09-15,19,78
2014-09-20,24,87
2014-09-21,25,79
2014-09-23,23,75
2014-09-25,15,85
2014-09-26,27,84
2014-09-27,28,84
2014-09-28,21,86
2014-09-30,13,87
2014-10-02,7,77
2014-10-04,20,58
2014-10-06,10,74
2014-10-07,15,78
2014-10-09,10,63
2014-10-11,16,57
2014-10-12,21,63
2014-10-13,13,71
2014-10-14,15,63
2014-10-16,7,73
2014-10-17,16,69
2014-10-18,24,65
2014-10-19,20,64
2014-10-20,24,74
2014-10-21,26,68
2014-10-22,7,63
2014-10-23,18,65
2014-10-25,35,82
2014-10-26,20,78
2014-10-27,10,84
2014-03-13,18,64
2014-04-01,20,61
2014-04-14,11,60
2014-04-29,11,67
2014-05-30,14,86
2007-06-07,1,
2014-07-03,10,80
2014-07-06,26,92
2014-07-24,9,82
2014-07-26,11,99
2014-08-08,18,83
2014-08-26,14,98
2014-08-27,13,95
2014-08-28,26,92
2014-08-30,23,88
2014-08-31,23,93
2012-09-01,19,82
2014-09-02,14,84
2014-09-03,16,88
2014-09-04,15,97
2014-09-05,16,97
2014-09-06,17,75
2014-09-07,10,78
2014-09-08,14,83
2014-09-10,17,89
2014-09-11,13,67
2014-09-12,11,60
2014-09-13,15,65
2014-09-14,20,73
2014-09-17,16,67
2014-09-18,19,75
2014-09-24,18,79
2012-12-01,21,70
2014-04-09,21,69
2012-05-24,17,92
2013-05-24,18,69
2014-06-22,12,87
2014-07-07,23,92
2012-07-09,18,92
2014-07-09,14,87
2014-07-19,19,84
2014-07-25,14,81
2014-07-27,24,94
2014-07-28,6,81
2014-07-29,12,82
2014-07-31,9,86
2014-08-02,21,87
2014-08-03,18,89
2014-08-04,13,92
2014-08-05,15,89
2014-08-06,9,89
2014-08-07,11,76
2014-08-09,24,82
2014-08-10,20,84
2014-08-11,13,87
2014-08-12,33,82
2014-08-13,5,82
2014-08-16,10,81
2014-08-17,12,80
2014-08-18,23,89
2014-08-19,13,89
2014-08-20,17,91
2014-08-21,8,96
2014-08-22,11,95
2014-08-24,14,98
2014-08-29,17,93
2012-09-18,11,69
2007-11-01,2,
2011-12-01,15,51
2005-01-01,5,
1974-04-08,1,
2014-04-11,27,74
2014-05-04,11,80
2014-06-03,19,92
2014-06-07,16,79
2014-06-21,16,94
2014-06-25,17,90
2014-06-27,10,88
2014-06-30,14,94
2014-07-02,15,78
2014-07-04,17,84
2014-07-05,23,82
2014-07-08,10,88
2014-07-10,7,85
2014-07-11,12,90
2014-07-13,11,92
2014-07-14,11,90
2014-07-15,8,76
2014-07-16,16,79
2014-07-18,21,82
2014-07-21,12,89
2014-07-22,19,93
2014-07-23,16,85
2001-11-20,1,
2014-02-06,2,13
2014-04-18,16,72
2014-05-03,17,77
2014-05-07,15,86
2014-05-14,9,55
2014-05-16,7,60
2014-05-18,20,69
2014-05-24,19,82
2014-05-25,16,79
2014-05-26,14,88
2014-05-27,20,87
2014-05-29,14,86
2014-05-31,16,89
2014-06-02,13,85
2014-06-04,14,85
2014-06-05,12,75
2014-06-06,13,84
2014-06-08,17,77
2014-06-09,11,79
2014-06-10,7,80
2014-06-11,10,75
2014-06-12,8,82
2014-06-13,10,76
2014-06-14,15,81
2014-06-15,16,88
2014-06-16,9,92
2014-06-17,10,92
2013-06-18,15,89
2014-06-18,13,94
2014-06-19,14,95
2014-06-20,11,92
2014-06-24,5,88
2014-06-26,11,92
2014-06-29,20,86
2010-07-01,16,83
2013-07-01,26,81
2013-08-14,19,76
2011-09-01,16,104
1990-10-26,1,
2012-12-11,6,43
2000-01-01,3,
2006-01-01,4,
2001-02-01,-1,
2014-04-02,11,55
2014-04-12,26,83
2014-04-19,16,76
2014-04-21,5,76
2014-04-23,27,66
2014-04-26,25,80
2014-04-28,20,76
2014-04-30,16,59
2014-05-02,11,63
2014-05-05,13,88
2014-05-08,17,89
2003-05-09,1,
2014-05-10,12,84
2014-05-11,13,88
2014-05-12,8,89
2014-05-13,14,70
2014-05-15,8,64
2014-05-17,20,65
2014-05-19,9,79
2014-05-21,15,89
2014-05-22,17,80
2014-05-23,11,82
2014-05-28,13,87
2013-08-16,11,77
2006-09-25,1,
2002-10-05,2,
2013-10-06,7,60
2013-11-28,6,48
1998-12-31,1,
2013-12-31,19,44
2007-01-02,0,
2010-02-08,8,32
2014-02-24,11,38
2014-03-06,10,48
2014-03-09,13,59
2014-03-14,9,69
2014-03-21,17,77
2014-03-22,12,51
2014-03-24,7,40
2014-03-25,16,41
2014-03-27,21,62
2014-03-28,17,52
2014-03-29,13,48
2014-03-31,9,69
2014-04-03,14,66
2014-04-04,15,59
2014-04-05,12,55
2014-04-06,7,60
2014-04-07,6,53
2014-04-08,15,63
2014-04-10,15,84
2014-04-13,20,76
2014-04-15,10,50
2014-04-16,16,59
2014-04-17,7,68
2014-04-22,14,69
2014-04-24,11,81
2014-04-25,16,77
2014-04-27,19,81
2012-06-01,19,71
2013-08-01,12,88
2012-10-01,12,66
2014-01-10,3,46
2014-01-13,19,59
2014-01-19,17,53
2014-01-21,7,40
2013-10-15,11,69
2013-10-23,11,51
2007-10-30,1,
2013-10-07,12,71
2013-12-26,19,52
2013-12-07,4,24
2014-02-11,13,20
2014-02-14,7,37
2014-02-16,8,33
2014-02-17,5,45
2014-02-19,6,54
2014-02-23,15,38
2014-02-26,3,28
2014-02-27,11,29
2014-02-07,4,19
2014-02-09,12,28
2014-03-01,18,43
2014-03-10,13,80
2014-03-11,15,83
2014-03-12,9,47
2013-03-13,8,42
2014-03-15,27,72
2014-03-16,10,48
2014-03-18,7,60
2014-03-19,14,53
2014-03-02,4,25
2014-03-20,11,69
2014-03-23,9,43
2008-03-29,24,51
2014-03-03,6,24
2014-03-30,12,66
2014-03-04,16,39
2014-03-05,7,42
2014-03-07,24,62
2014-03-08,13,45
2013-04-01,14,49
2005-06-15,1,
2013-06-20,15,91
2013-07-15,9,91
2013-08-17,13,81
2013-08-04,20,80
2013-09-19,17,92
2014-01-14,10,49
2014-01-17,8,25
2014-01-22,2,30
2014-01-26,20,60
2014-01-28,6,20
2013-11-30,14,59
2013-12-14,11,35
2013-12-17,8,41
2012-12-25,3,35
2014-02-01,11,37
2007-02-10,1,
2014-02-10,9,17
2014-02-12,14,34
2014-02-13,9,49
2014-02-15,8,29
2014-02-18,5,63
2014-02-02,6,28
2014-02-20,6,73
2014-02-21,6,57
2014-02-22,14,62
2014-02-25,13,32
2014-02-28,4,48
2014-02-03,21,30
2014-02-04,4,28
2014-02-05,7,22
2014-02-08,6,30
2014-01-04,10,46
2014-01-05,2,35
2014-01-07,3,24
2014-01-08,8,28
2014-01-09,10,34
2014-01-11,7,49
2014-01-12,5,59
2014-01-15,7,31
2014-01-16,15,47
2013-01-18,14,56
2014-01-18,9,43
2014-01-20,8,50
2014-01-23,10,14
2014-01-24,10,36
2014-01-25,10,43
2014-01-27,9,25
2014-01-29,9,35
2014-01-30,11,47
2014-01-31,7,39
2011-03-03,21,63
2008-04-29,22,58
2012-08-10,24,80
2012-09-07,13,93
2013-09-12,33,86
2013-10-18,9,62
2013-11-02,10,57
2013-11-15,9,60
2013-12-04,9,69
2013-12-09,17,29
2013-12-12,8,40
2013-12-23,12,27
2013-12-24,15,24
2012-12-26,19,33
2013-10-13,19,74
2013-10-14,8,68
2013-10-17,15,66
2013-10-29,16,59
2013-11-17,17,80
2013-11-18,12,57
2013-11-19,32,49
2013-11-22,5,50
2013-11-25,22,38
2013-11-27,8,30
2013-11-29,14,46
2013-12-10,16,38
2013-12-11,8,34
2013-12-13,5,36
2013-12-15,3,37
2013-12-16,2,34
2013-12-18,14,52
2013-12-19,9,61
2013-12-02,10,59
2013-12-22,16,36
2013-12-25,7,37
2013-12-27,21,56
2013-12-28,11,61
2013-12-29,16,45
2013-12-03,16,60
2013-12-30,12,31
2013-12-05,14,40
2013-12-06,8,24
2013-12-08,4,29
2013-03-10,11,61
2013-06-01,20,79
2011-06-03,26,96
2013-07-30,9,77
2013-08-11,22,86
2013-08-03,25,85
2013-09-30,19,79
2013-01-24,12,28
2013-10-12,18,79
2013-10-16,8,60
2013-10-21,10,57
2013-10-24,12,49
2013-10-25,19,56
2013-10-27,16,61
2013-10-28,20,69
2013-10-30,7,73
1997-10-04,0,
2013-11-11,20,66
2013-11-12,12,37
2013-11-13,18,48
2013-11-14,7,60
2013-11-16,23,66
2013-11-20,7,51
2013-11-21,9,52
2013-11-23,10,34
2013-11-24,13,30
2013-11-26,11,41
2013-11-03,15,59
2012-11-30,22,66
2013-11-04,12,63
2013-11-05,6,61
2013-11-07,16,57
2013-11-09,8,69
2008-12-01,12,34
2012-04-12,13,64
2013-05-05,18,62
2010-06-15,16,88
2010-06-20,20,96
2013-06-04,16,75
1984-07-01,2,
2013-07-19,9,98
2013-07-08,18,94
2012-08-01,17,101
2013-09-01,23,91
2013-09-16,19,75
2013-09-02,15,84
2013-09-20,18,77
2013-09-25,12,83
2013-10-10,16,80
2013-10-11,16,81
2013-10-19,14,59
2013-10-02,10,85
2013-10-20,10,73
2013-10-22,9,62
2013-10-26,12,66
2013-10-03,7,88
2013-10-31,3,68
2013-10-04,16,89
2013-10-05,20,80
2013-10-08,14,76
2009-10-09,9,55
2013-10-09,9,75
2012-12-18,16,60
2012-12-22,17,47
2008-12-25,10,35
2013-02-28,7,36
2006-04-18,1,
2008-05-01,25,73
2013-05-23,20,65
1998-06-18,1,
2012-07-20,15,86
2013-07-24,15,81
2013-07-09,18,95
2012-08-24,15,95
2013-08-29,5,98
2013-09-17,16,72
2013-09-18,11,88
2013-09-21,24,73
2013-09-23,6,77
2013-09-24,26,83
2013-09-27,18,85
2013-09-28,22,86
2013-09-29,15,76
2013-09-06,16,89
2012-10-19,11,54
2009-11-26,7,43
2012-11-03,19,51
2009-11-09,22,69
2012-02-01,23,60
2012-05-17,23,80
2013-05-02,13,71
2012-06-15,15,93
2012-06-22,26,86
2012-06-29,22,106
2013-07-11,9,84
2013-07-20,21,93
2007-07-30,1,
2008-07-30,18,78
2013-07-05,22,84
2013-08-20,14,90
2013-08-23,19,90
2013-08-25,17,94
2013-08-26,14,97
2013-08-31,16,103
2013-08-05,17,75
2013-08-09,12,81
2013-09-10,17,98
2013-09-11,12,98
2013-09-13,13,76
2013-09-14,14,76
2013-09-15,15,84
2012-09-21,13,84
2013-09-22,12,76
2013-09-26,14,85
2013-09-03,13,84
2013-09-04,10,88
2013-09-05,19,89
2013-09-07,26,94
2013-09-08,17,85
2013-09-09,20,99
2013-01-02,8,33
2009-04-14,18,48
1996-05-01,1,
2013-05-25,14,70
2013-06-24,8,93
2013-07-13,21,86
2013-07-17,16,94
2013-07-27,21,78
2013-07-29,14,81
2013-07-31,11,82
2013-08-02,7,83
2013-08-06,14,90
2013-08-07,19,91
2013-08-08,7,81
2013-08-10,30,85
2013-08-12,6,82
2013-08-13,11,80
2013-08-15,15,76
2011-08-17,13,90
2013-08-18,30,84
2013-08-19,12,88
2013-08-21,18,93
2013-08-22,14,92
2013-08-24,20,92
2013-08-27,11,97
2013-08-28,14,97
2012-11-01,23,63
2003-11-20,1,
2001-12-31,1,
2013-02-16,11,38
1995-03-06,1,
2005-04-11,1,
2013-04-17,11,85
2002-05-01,1,
2011-05-09,20,86
2013-05-13,10,74
1996-05-22,1,
2013-06-11,25,92
2013-06-15,24,90
2013-06-22,22,92
2013-06-25,5,94
2013-06-26,14,93
2013-06-27,16,94
2013-06-29,16,83
2013-06-30,13,77
2013-07-02,7,70
2013-07-03,6,83
2013-07-04,20,84
2013-07-06,18,88
2013-07-07,13,92
2013-07-10,12,88
2013-07-12,16,85
2013-07-14,24,90
2013-07-16,18,93
2013-07-18,8,94
2013-07-21,15,84
2013-07-22,14,93
2013-07-23,18,92
2013-07-25,11,83
2013-07-26,12,76
2012-08-13,20,81
2010-09-05,25,83
1998-10-19,1,
2009-10-01,17,74
2011-11-01,33,75
2012-11-02,9,55
2010-11-24,11,58
2007-02-01,1,
2013-02-24,16,42
2013-03-24,10,41
2009-03-28,23,45
2013-03-29,19,62
2013-03-30,11,55
2013-04-18,10,77
2013-04-25,10,64
2013-04-28,14,58
2013-04-09,10,79
2013-05-16,9,83
2013-05-19,39,91
2013-05-20,14,83
2013-05-26,19,84
2013-05-27,14,84
2013-05-28,9,86
2013-05-29,17,88
2013-05-30,17,84
2013-05-31,16,81
2013-05-07,18,80
2013-06-10,26,81
2013-06-12,19,96
2013-06-13,17,85
2013-06-14,11,85
2013-06-17,12,87
1999-06-18,1,
2013-06-19,10,87
2013-06-02,12,69
2013-06-21,11,92
2012-06-23,25,88
2013-06-23,24,90
2013-06-28,6,89
2013-06-03,14,70
2013-06-05,7,81
2013-06-06,12,80
2013-06-07,16,76
2013-06-08,8,81
2013-06-09,24,80
2012-09-19,11,77
2013-02-03,9,33
2013-02-19,18,34
2012-02-28,16,62
2013-04-16,18,50
2013-04-26,17,60
2013-04-27,21,54
2013-04-30,15,87
2013-05-03,7,45
2013-05-04,14,51
2013-05-06,24,69
2013-05-08,17,84
2013-05-09,18,76
2013-05-10,9,67
2013-05-11,16,71
2013-05-14,15,93
2013-05-15,16,92
2013-05-17,24,77
2013-05-18,16,82
2013-05-21,11,82
2013-05-22,17,78
2012-07-11,14,93
2012-09-05,18,86
1998-01-01,2,
2013-02-02,14,45
2013-02-13,7,55
2013-03-20,10,38
2013-03-22,10,43
2013-03-23,8,54
2013-03-28,15,57
2013-03-31,14,69
2012-04-01,27,89
2013-04-02,11,49
2013-04-03,7,53
2013-04-04,10,61
2013-04-05,8,68
2013-04-06,21,76
2013-04-07,13,79
2013-04-08,19,79
2013-04-10,11,82
2013-04-11,8,60
2013-04-12,12,46
2013-04-13,22,62
2013-04-14,15,80
2013-04-15,13,71
2013-04-19,7,53
2013-04-20,16,56
2013-04-21,14,63
2013-04-22,12,73
2013-04-23,10,63
2013-04-24,15,54
2012-04-28,14,80
2013-04-29,15,79
2012-05-15,20,83
2009-07-01,23,82
2011-10-03,13,78
2013-01-03,11,40
2013-01-09,21,58
2013-02-05,18,57
2013-02-08,10,39
2013-02-09,22,43
2013-02-11,9,52
2013-02-18,10,60
2013-03-02,17,36
2013-03-03,7,40
2013-03-04,6,53
2013-03-05,7,43
2013-03-06,10,39
2013-03-07,5,46
2013-03-08,4,54
2013-03-11,13,45
2013-03-12,10,52
2013-03-14,3,52
2013-03-15,16,73
2013-03-16,11,64
2013-03-17,8,39
2013-03-18,7,51
2013-03-19,7,47
2013-03-21,11,37
2013-03-25,4,36
2013-03-26,6,40
2013-03-27,6,45
2012-05-14,17,80
2012-06-02,25,81
2005-06-08,1,
2012-07-05,17,105
2013-01-12,20,58
2013-01-22,6,18
2013-01-23,18,42
2013-01-25,9,45
2013-01-26,10,38
2013-01-27,14,52
2013-01-28,24,74
2013-01-29,15,68
2012-01-30,11,67
2013-01-31,8,33
2013-02-01,5,30
2013-02-04,15,57
2013-02-06,9,52
2013-02-07,9,52
2013-02-10,8,56
2013-02-12,14,46
2013-02-14,3,57
2013-02-20,9,26
2013-02-21,7,33
2013-02-22,7,36
2013-02-23,5,34
2013-02-25,9,43
2013-02-26,11,41
2013-02-27,6,36
2012-03-21,14,81
2006-04-01,1,
1999-04-21,1,
2009-06-01,26,92
2001-09-18,1,
2012-09-26,17,79
2012-12-15,12,65
2013-01-04,14,41
2013-01-05,15,46
2013-01-06,10,43
2013-01-07,16,46
2013-01-08,10,54
2013-01-10,24,59
2013-01-13,12,32
2013-01-14,12,27
2013-01-15,13,31
2013-01-16,22,43
2013-01-17,9,42
2013-01-19,16,66
2013-01-20,17,47
2013-01-21,7,27
2013-01-30,12,54
2012-10-03,10,77
1980-10-21,1,
2012-11-16,12,60
2012-11-25,14,58
2012-12-12,10,51
2012-12-21,8,37
2012-12-23,20,50
2012-12-24,7,35
2012-12-29,18,33
2012-12-31,13,39
2012-10-24,13,84
2012-11-11,9,70
2012-11-17,18,57
2012-11-18,22,61
2012-11-20,13,62
2012-11-21,7,65
2012-11-26,9,44
2012-11-27,16,41
2012-11-28,13,51
2012-11-29,14,61
2012-11-04,9,52
2012-11-05,12,44
2012-11-07,9,49
2012-11-09,17,72
2012-12-10,9,36
2012-12-13,15,57
2012-12-16,16,54
2012-12-17,3,42
2012-12-19,15,53
2012-12-27,7,35
2012-12-28,7,37
2012-12-03,19,74
2012-12-04,17,66
2012-12-05,15,54
2012-12-06,6,53
2012-12-07,12,56
2012-12-08,15,49
2012-12-09,19,51
2012-03-03,16,47
2005-04-20,1,
2004-07-27,0,
2012-07-04,18,105
2012-08-22,21,94
2012-08-29,16,91
2007-09-01,4,
2011-01-09,9,30
2012-10-11,7,66
2012-10-13,8,78
2012-10-15,16,71
2012-10-21,16,78
2012-10-23,16,79
2012-10-25,13,83
2012-10-28,11,53
2012-10-30,15,58
2012-10-31,11,57
2012-10-08,13,62
2012-11-10,34,81
2012-11-12,10,47
2012-11-13,10,51
2012-11-14,11,49
2012-11-15,13,56
2012-11-19,10,59
2012-11-22,5,70
2012-11-23,13,54
2012-11-24,7,39
2012-11-06,6,48
2012-11-08,12,57
2012-03-20,13,83
2012-04-11,17,57
2012-04-29,23,65
2012-08-16,8,98
2012-09-15,13,69
2012-09-25,15,81
2011-01-18,8,42
2012-10-10,12,59
2012-10-12,11,66
2012-10-14,15,75
2012-10-16,17,84
2012-10-18,11,62
2012-10-02,10,72
2012-10-20,13,66
2012-10-26,11,51
2012-10-27,14,52
2012-10-29,9,56
2012-10-04,10,83
2012-10-05,11,54
2012-10-06,16,51
2012-10-07,7,55
2012-10-09,12,69
2012-02-23,12,69
2004-05-12,1,
2012-07-01,9,102
2012-08-19,26,84
2012-09-10,13,79
2012-09-11,13,85
2012-09-13,10,88
2012-09-27,11,71
2012-09-28,10,72
2012-09-29,19,76
2012-09-03,15,88
2011-05-01,12,66
2007-06-15,1,
1994-06-20,1,
2012-07-15,18,96
2012-07-06,21,106
2012-08-15,10,92
2012-08-17,12,82
2012-08-18,21,83
2012-08-23,19,98
2012-08-26,23,87
2012-08-28,13,93
2012-08-30,20,96
2012-08-31,18,83
2012-09-12,15,86
2012-09-14,13,70
2012-09-17,4,76
2012-09-20,11,79
2012-09-22,18,69
2012-09-23,10,68
2012-09-24,10,74
2012-09-30,7,74
2012-09-04,14,92
2012-09-06,17,92
2012-09-09,13,75
2005-04-30,1,
2012-06-05,25,84
2012-06-16,19,96
2012-07-08,22,98
2012-07-12,30,94
2012-07-18,15,106
2012-07-21,13,94
2012-07-27,16,100
2012-07-29,28,87
2012-07-30,19,86
2012-07-31,17,103
2012-08-02,18,98
2012-08-03,7,97
2012-08-04,15,98
2012-08-05,17,92
2012-08-06,19,95
2012-08-07,7,100
2012-08-08,16,100
2012-08-09,14,93
2012-08-11,24,86
2012-08-12,18,85
2009-08-13,17,87
2012-08-14,19,81
2012-08-20,12,87
2012-08-21,11,89
2012-08-25,8,91
2012-08-27,15,88
2012-03-02,12,57
1971-05-01,1,
2004-05-01,1,
2012-05-13,27,77
2012-05-16,18,78
2012-05-29,19,89
2012-06-07,20,83
2012-06-12,24,82
2012-06-17,15,91
2012-06-20,14,95
2012-06-26,8,87
2012-06-27,28,99
2012-06-28,19,108
2012-06-30,17,105
2012-07-02,11,100
2012-07-03,33,101
2012-07-07,12,107
2012-07-10,20,95
2012-07-14,23,92
2012-07-16,7,98
2012-07-17,19,103
2012-07-19,10,104
2012-07-22,34,99
2012-07-23,17,106
2012-07-24,17,107
2012-07-25,18,108
2012-07-26,19,96
2012-07-28,19,93
1976-08-01,1,
2011-08-05,12,86
1982-12-15,1,
2012-03-01,18,66
2012-03-23,15,67
2012-03-29,19,72
2012-03-30,9,82
2012-04-16,28,68
2012-05-01,16,85
2012-05-12,13,80
2012-05-18,22,87
2012-05-26,13,95
2012-05-28,31,94
2012-05-31,9,68
2008-06-01,22,88
2012-06-03,23,88
2012-06-04,14,93
2012-06-06,9,80
2012-06-08,12,88
2012-06-09,21,91
2012-06-10,18,89
2012-06-11,8,79
2012-06-13,17,82
2012-06-14,34,88
2012-06-18,9,95
2012-06-19,29,93
2012-06-21,18,87
2012-06-25,13,90
2011-09-21,18,79
2011-10-01,23,67
1999-10-10,1,
2002-11-19,1,
2012-03-26,18,71
2012-04-07,25,69
2012-04-21,13,60
2012-04-22,21,59
2012-04-26,26,80
2012-04-30,10,73
2012-05-02,22,90
2012-05-03,23,87
2012-05-04,19,86
2012-05-05,24,92
2012-05-07,12,76
2012-05-08,15,75
2012-05-09,12,71
2012-05-10,19,76
1998-05-11,1,
2012-05-11,17,76
2012-05-19,16,90
2012-05-20,13,91
2012-05-21,12,73
2012-05-22,23,78
2012-05-23,15,85
2012-05-25,12,92
2012-05-27,23,93
2012-05-30,14,83
2011-06-16,17,91
2011-11-11,17,65
2007-01-15,2,
2012-01-27,16,42
2012-02-29,10,68
2012-03-05,22,50
2012-03-08,10,67
2012-03-15,12,81
2012-03-17,49,80
2012-03-18,32,82
2012-03-19,34,82
2012-03-22,21,74
2012-03-24,12,75
2012-03-25,19,76
2012-03-27,28,82
2012-03-31,27,76
2012-04-02,16,89
2012-04-03,21,83
2012-04-04,27,68
2012-04-05,17,62
2012-04-06,15,61
2012-04-08,14,69
2012-04-09,18,71
2012-04-10,19,61
2012-04-13,14,57
2011-04-14,16,73
2012-04-14,27,80
2012-04-15,41,78
2012-04-17,13,70
2012-04-18,20,75
2012-04-19,17,79
2012-04-20,17,66
2012-04-23,16,64
2012-04-24,19,78
2012-04-25,16,89
2012-04-27,19,59
2004-06-01,2,
2011-06-22,16,84
2011-11-20,14,62
2012-01-18,9,35
2012-01-26,18,40
2012-02-03,11,55
2012-02-06,7,49
2012-02-13,3,35
2012-02-16,9,49
2012-02-19,16,43
2012-02-26,21,65
2012-02-27,9,53
2011-03-02,4,53
2012-03-04,28,44
2012-03-06,11,75
2012-03-07,11,72
2012-03-09,12,55
2012-03-10,13,65
2012-03-11,22,62
2012-03-12,24,84
2012-03-13,11,83
2012-03-14,14,86
2012-03-16,10,77
2012-03-28,20,82
1976-05-06,1,
2011-07-06,20,93
2006-08-01,2,
1977-08-14,1,
2012-01-04,9,52
2012-01-07,19,53
2012-01-08,12,44
2012-01-10,22,58
2012-01-17,11,69
2010-01-20,13,45
2012-01-21,13,32
2012-01-22,15,55
2012-01-23,12,56
2012-01-28,16,44
2012-01-29,14,48
2012-01-31,12,66
2012-02-02,9,65
2012-02-04,9,48
2012-02-05,8,49
2011-02-06,15,41
2012-02-07,12,50
2012-02-08,11,35
2012-02-09,6,40
2012-02-10,33,42
2012-02-11,13,29
2012-02-12,10,38
2012-02-14,6,40
2012-02-15,15,47
2011-02-17,20,76
2012-02-17,11,58
2012-02-20,8,51
2012-02-21,9,55
2012-02-22,7,64
2012-02-24,7,50
2012-02-25,12,43
2010-03-21,19,44
2011-04-01,19,61
1967-06-21,1,
2011-08-13,18,92
2011-11-29,15,43
2011-12-15,7,61
2011-12-29,14,61
2012-01-02,14,34
2012-01-03,8,39
2012-01-05,12,66
2012-01-06,12,70
2011-01-07,11,36
2012-01-09,9,52
2012-01-11,18,56
2012-01-12,4,38
2012-01-13,12,23
2012-01-14,8,35
2012-01-15,10,45
2012-01-16,9,68
2012-01-19,7,35
2012-01-20,8,29
2011-01-23,18,33
2012-01-24,16,44
2012-01-25,8,35
2010-08-31,11,91
2011-11-17,13,49
2007-11-19,1,
2011-11-25,22,67
2011-11-27,24,42
2011-12-08,11,44
2011-12-12,14,50
2011-12-30,15,58
2011-12-31,16,59
2011-04-07,26,69
2011-05-20,18,81
1998-07-01,1,
2011-08-16,21,84
2009-09-07,19,83
1999-10-03,1,
2011-10-28,21,60
2011-11-05,14,60
2011-11-12,19,64
2011-11-14,14,77
2011-11-16,18,53
2011-11-18,12,58
2011-11-23,14,48
2011-11-26,6,64
2011-11-28,15,40
2011-11-30,11,45
2010-12-01,27,38
2011-12-02,11,47
2011-12-03,16,62
2011-12-04,12,57
2011-12-05,11,35
2011-12-06,5,35
2011-12-07,16,41
2011-12-09,8,39
2011-12-10,13,39
2011-12-11,21,49
2011-12-13,17,48
2011-12-14,15,62
2011-12-16,15,40
2010-12-17,13,31
2011-12-17,18,48
2011-12-18,18,57
2011-12-19,9,56
2011-12-20,13,48
2011-12-21,11,47
2011-12-22,12,42
2011-12-23,9,39
2011-12-24,20,48
2011-12-25,10,53
2011-12-27,6,44
2011-12-28,15,49
2011-05-12,22,88
2011-05-25,11,85
2011-06-29,21,87
2011-08-15,20,82
2011-09-10,20,76
2011-09-24,31,68
2011-10-02,15,71
2011-10-07,21,85
2011-10-12,15,73
2011-10-13,18,75
2011-10-15,7,71
2011-10-20,17,57
2011-10-26,15,73
2011-10-27,25,57
2011-10-29,26,63
2011-10-30,36,64
2011-11-02,12,76
2011-11-03,9,57
2011-11-04,15,57
2011-11-06,21,65
2011-11-07,12,65
2011-11-08,16,69
2011-11-09,13,62
2011-11-10,6,50
2011-11-13,24,77
2011-11-15,15,65
2011-11-19,27,65
2011-11-22,9,49
2011-11-24,14,60
2003-12-21,1,
2011-03-17,27,83
2011-08-21,17,91
2011-08-22,17,87
2011-09-11,22,83
2011-09-16,33,67
2011-09-18,18,71
2011-09-19,17,71
2010-09-20,14,90
2011-09-22,16,64
2011-09-26,12,73
2011-09-27,23,72
2011-09-30,10,73
2011-10-04,15,81
2011-10-05,19,82
2011-10-06,8,84
2011-10-08,24,82
2011-10-09,37,82
2011-10-10,16,80
2011-10-11,14,81
2011-10-14,15,72
2011-10-16,12,83
2011-10-17,10,62
2011-10-18,8,55
2011-10-19,22,50
2011-10-21,23,63
2011-10-22,20,73
2011-10-23,28,76
2011-10-24,22,75
2011-10-25,14,83
2011-10-31,9,63
2009-02-19,9,31
2011-05-31,27,88
2011-06-18,22,87
2011-08-02,18,102
2011-08-06,11,95
2011-08-18,11,94
2011-08-20,21,93
2011-08-25,19,88
2011-08-26,22,90
2011-08-27,35,93
2011-08-29,13,87
2011-08-30,10,91
2011-09-02,8,101
2011-09-03,19,101
2011-09-04,17,80
2011-09-05,13,75
2011-09-06,22,75
2011-09-07,10,79
2011-09-08,18,81
2011-09-09,13,67
2011-09-12,17,90
2011-09-14,8,70
2011-09-15,16,64
2011-09-17,13,70
2011-09-20,12,77
2011-09-23,6,66
2011-09-25,32,69
2011-09-28,19,76
2011-09-29,9,88
2011-06-05,25,90
2011-06-10,18,95
2011-06-11,25,83
2011-06-19,11,90
2011-06-20,18,91
2011-06-25,25,79
2011-07-02,33,99
2011-07-07,9,87
2011-07-08,18,87
2011-07-14,14,89
2011-07-18,18,97
2011-07-20,12,100
2011-07-22,10,101
2011-07-24,25,93
2011-07-27,7,100
2011-07-29,17,98
2011-07-30,24,87
2011-07-31,21,95
2011-08-03,12,95
2011-08-04,7,91
2011-08-07,18,98
2011-08-08,17,90
2011-08-09,24,94
2011-08-10,15,80
2011-08-11,11,85
2011-08-12,28,89
2011-08-14,23,84
2011-08-19,16,94
2011-08-23,26,99
2011-08-24,13,100
2011-08-28,20,87
2011-08-31,11,103
2004-10-19,1,
2009-12-25,13,52
2011-03-14,8,39
2011-04-28,9,69
2006-05-01,1,
2011-05-07,35,82
2011-05-18,19,73
2011-05-30,22,93
2011-06-04,25,98
2011-06-06,25,97
2011-06-12,25,77
2011-06-15,10,87
2011-06-17,18,80
2011-06-30,27,92
2011-07-03,18,91
2011-07-04,34,85
2011-07-05,26,89
2010-07-08,19,90
2011-07-09,32,90
2011-07-10,24,97
2011-07-11,16,100
2011-07-12,18,102
2011-07-13,9,91
2011-07-15,16,90
2011-07-16,19,92
2011-07-17,18,95
2011-07-19,17,99
2011-07-21,16,103
2011-07-23,17,100
2011-07-25,17,95
2011-07-26,27,98
2011-07-28,11,101
2010-10-31,12,62
2011-02-01,10,31
2000-02-23,1,
2011-03-01,14,58
2011-04-17,24,75
2011-04-30,32,80
2011-05-21,19,85
2011-05-22,20,87
2011-05-23,15,81
2011-05-24,23,85
2011-05-26,16,64
2011-05-27,20,68
2011-05-28,19,75
2011-05-29,16,93
2011-05-03,17,62
2011-05-05,10,72
2011-06-14,22,80
2011-06-02,21,85
2011-06-21,15,87
2011-06-23,21,76
2011-06-24,17,83
2011-06-26,22,86
2011-06-27,14,83
2011-06-28,25,84
2011-06-07,13,96
2011-06-08,20,97
2011-06-09,24,93
2011-01-14,20,38
2011-01-02,11,35
2006-10-22,1,
2010-11-26,14,46
2011-02-16,13,74
2011-02-22,15,37
2011-03-30,16,53
2010-04-01,19,87
2011-04-13,24,74
2011-04-15,16,69
2011-04-19,19,88
2011-04-23,19,71
2011-04-24,17,58
2011-04-25,20,66
2011-04-26,16,71
2011-04-29,24,72
2011-04-03,15,90
2011-04-08,19,76
2011-05-10,24,85
2011-05-11,28,91
2011-05-13,13,78
2011-05-14,19,58
2011-05-15,17,56
2011-05-16,23,63
2011-05-17,16,65
2011-05-19,16,65
2011-05-02,13,56
2011-05-04,7,61
2011-05-06,14,73
2011-05-08,18,81
2010-06-30,18,82
2006-07-05,1,
2011-01-24,15,38
2010-10-25,16,77
2011-02-18,21,64
2011-03-12,22,65
2011-03-13,10,48
2011-03-16,27,67
2011-03-24,14,44
2011-03-25,23,39
2011-03-26,11,39
2011-03-27,22,44
2011-03-28,13,49
2011-03-29,9,46
2011-03-31,6,54
2011-03-04,12,71
2011-04-10,37,90
2011-04-11,28,68
2011-04-12,10,68
2011-04-16,14,53
2011-04-18,17,72
2011-04-20,16,55
2011-04-21,14,61
2011-04-22,26,77
2011-04-27,11,58
2011-04-04,13,78
2011-04-05,13,66
2011-04-06,14,79
2010-04-07,27,78
2011-04-09,28,88
2010-06-22,14,94
2010-07-15,16,93
2010-07-09,23,87
2009-08-01,19,79
2010-09-10,13,69
2011-01-15,16,40
2011-01-20,2,24
2011-01-28,15,47
2011-02-08,4,24
2011-02-20,19,74
2011-02-21,8,64
2011-02-23,12,44
2011-02-25,13,34
2011-02-26,19,44
2011-02-27,24,65
2011-03-05,10,53
2011-03-06,15,44
2011-03-07,15,47
2011-03-08,5,48
2011-03-09,3,49
2011-03-10,7,39
2011-03-11,10,60
2010-03-16,16,58
2011-03-18,22,69
2011-03-19,10,58
2011-03-20,32,82
2011-03-21,23,82
2011-03-22,19,76
2011-03-23,7,75
2009-09-03,16,83
2010-10-16,21,79
2011-01-26,9,32
2011-01-29,17,45
2011-01-30,12,41
2011-02-02,10,21
2011-02-03,5,23
2011-02-07,5,32
2011-02-09,6,20
2011-02-10,5,32
2011-02-11,9,43
2011-02-12,9,51
2011-02-13,7,65
2011-02-14,9,50
2011-02-15,17,54
2011-02-19,16,54
2011-02-24,6,44
2011-02-28,4,46
2008-09-13,40,88
2009-10-06,15,71
2010-12-06,13,32
2011-01-03,9,48
2010-01-04,8,19
2011-01-04,8,38
2011-01-05,17,44
2011-01-06,11,35
2011-01-08,16,25
2011-01-10,9,32
2011-01-11,5,28
2011-01-12,7,19
2010-01-16,16,44
2011-01-16,13,30
2011-01-17,16,42
2011-01-19,6,30
2011-01-21,13,18
2011-01-27,11,41
2011-01-31,11,32
2010-07-19,31,90
2010-09-30,23,79
2010-10-23,31,84
2010-11-04,21,58
2010-11-28,28,54
2010-12-13,9,19
2010-12-18,16,37
2010-12-20,24,45
2010-12-23,14,36
2010-12-26,10,29
2010-12-27,15,30
2010-12-28,12,40
2010-12-31,27,64
2010-01-31,17,41
2004-02-13,1,
2010-03-10,19,75
2009-06-02,18,88
2010-07-04,27,93
2010-09-03,14,78
2010-09-18,28,90
2010-09-22,20,81
2010-09-23,18,92
2010-10-13,14,73
2010-11-07,15,73
2010-11-08,16,75
2010-11-09,10,75
2010-11-14,23,55
2010-11-15,10,59
2010-11-17,18,57
2010-11-23,16,45
2010-11-25,5,57
2010-11-27,21,49
2010-11-30,16,50
2010-12-02,10,45
2010-12-03,13,37
2010-12-04,26,38
2010-12-05,11,31
2010-12-07,17,28
2010-12-08,11,34
2010-12-09,8,40
2010-12-10,17,57
2010-12-11,16,46
2010-12-12,6,26
2010-12-14,8,22
2010-12-15,11,30
2010-12-16,14,30
2010-12-19,18,39
2010-12-21,28,44
2010-12-22,21,36
2010-12-24,16,34
2010-12-25,5,31
2010-12-29,7,45
2010-12-30,12,57
2010-02-28,11,47
2010-05-13,31,81
2001-06-22,1,
2010-07-18,32,91
2010-08-16,17,87
2010-09-01,13,82
2010-09-25,26,76
2010-10-11,27,85
2010-10-12,26,82
2010-10-17,23,79
2010-10-19,18,68
2010-10-20,18,76
2010-10-21,20,69
2010-10-22,17,77
2010-10-27,26,72
2010-10-28,15,53
2009-10-29,15,69
2010-10-30,15,75
2010-11-02,10,58
2010-11-03,26,67
2010-11-05,15,48
2010-11-06,14,53
2010-11-10,20,77
2010-11-11,20,78
2010-11-12,26,75
2010-11-13,18,66
2010-11-16,12,54
2008-11-17,16,44
2010-11-18,12,45
2010-11-19,9,60
2010-11-20,20,56
2010-11-21,25,68
2010-11-22,26,75
2009-01-20,15,30
2010-02-05,7,37
2006-06-06,1,
2010-07-16,31,93
1999-07-22,1,
2010-07-23,12,97
2010-07-24,29,97
2010-08-12,29,99
2010-08-27,23,84
2010-08-28,25,91
2010-08-30,21,86
2010-09-07,25,79
2010-09-08,9,85
2010-09-11,22,83
2010-09-21,16,92
2010-09-24,18,81
2010-10-02,20,64
2010-10-03,16,62
2010-10-04,14,63
2010-10-05,11,70
2010-10-06,20,78
2010-10-07,18,80
2010-10-08,23,83
2010-10-09,23,88
2010-10-10,20,87
2010-10-14,18,73
2010-10-18,13,78
2010-10-24,13,78
2010-10-26,12,75
2010-10-29,16,60
2008-12-08,23,53
2009-12-22,15,41
2010-01-19,14,39
1993-02-09,1,
2010-04-05,8,83
1993-04-09,1,
2010-05-28,18,84
2010-06-17,14,87
2009-07-05,26,76
2002-07-07,1,
2010-07-30,16,83
2010-08-06,15,87
2010-08-08,15,95
2010-08-21,19,90
2010-08-29,23,92
2010-09-02,15,90
2010-09-04,13,76
2010-09-06,25,90
2010-09-09,11,72
2010-09-12,30,86
2010-09-13,18,89
2010-09-14,19,85
2010-09-15,16,84
2010-09-16,16,77
2010-09-17,28,81
2010-09-19,26,78
2010-09-26,10,61
2010-09-27,9,69
2010-09-28,14,77
2010-09-29,8,80
2010-01-25,6,36
2010-03-25,12,59
2010-04-29,20,83
1997-06-03,1,
2010-06-04,18,92
2010-06-25,23,92
2010-06-26,16,96
2009-07-08,15,89
2010-07-10,21,88
2010-07-25,15,88
2010-07-27,14,90
2010-07-31,14,88
2010-08-02,10,91
2010-08-03,10,102
2010-08-04,9,101
2010-08-05,10,91
2010-08-07,24,90
2010-08-09,19,99
2010-08-10,13,98
2010-08-11,6,100
2010-08-13,21,100
2010-08-14,18,97
2010-08-15,16,91
2010-08-17,12,85
2010-08-18,22,89
2010-08-19,21,96
2010-08-20,16,93
2010-08-22,26,91
2010-08-23,19,88
2010-08-24,27,89
2010-08-25,18,82
2010-08-26,23,82
2004-08-31,1,
2009-09-01,20,75
2010-02-01,21,39
2010-04-13,29,84
2010-05-05,21,83
2010-05-09,16,63
2010-06-06,14,83
2010-06-09,21,86
2010-06-10,13,92
2010-06-12,20,94
2010-06-21,19,95
2010-06-23,12,96
2010-06-24,20,86
2010-06-27,26,96
2010-06-28,21,89
2010-06-29,16,83
2010-07-02,15,85
2010-07-03,18,92
2010-07-05,19,93
2010-07-06,23,94
2010-07-07,20,93
2010-07-11,30,87
2010-07-12,37,88
2010-07-13,15,93
2010-07-14,28,96
2010-07-17,27,96
2010-07-20,14,92
2010-07-21,15,94
2010-07-22,16,96
2010-07-26,23,88
2010-07-28,16,94
2010-07-29,13,90
1985-12-01,1,
2010-01-13,28,50
2009-01-29,15,36
2010-03-01,8,39
2010-03-20,17,58
2010-05-08,16,60
2010-05-10,19,63
2010-05-15,22,60
2010-05-16,24,65
2010-05-18,9,72
2010-05-21,15,73
2010-05-23,24,92
2010-05-24,13,91
2010-05-26,22,90
2010-05-27,18,88
2010-05-30,30,88
2010-05-31,17,89
2010-06-01,16,90
2010-06-02,17,82
2010-06-03,19,85
2010-06-05,19,90
2010-06-07,31,83
2010-06-08,14,79
2010-06-11,23,86
2010-06-13,21,95
2010-06-14,16,90
2010-06-16,20,89
2010-06-18,20,95
2010-06-19,23,93
2009-09-25,31,79
2009-11-01,25,62
2009-11-03,19,57
2010-01-07,11,26
2009-02-01,21,47
2010-02-11,10,37
2010-02-15,13,26
2010-02-18,13,43
2010-02-24,15,30
2010-03-31,14,86
2010-04-06,17,87
2010-04-09,20,71
2010-04-19,16,66
2010-04-26,25,62
2010-04-27,15,66
2010-04-30,10,77
2010-05-02,23,73
2010-05-03,18,80
2010-05-04,15,83
2010-05-07,19,82
2010-05-11,22,79
2010-05-12,9,79
2010-05-14,24,65
2010-05-17,12,62
2010-05-19,14,71
2010-05-20,14,64
2010-05-22,10,85
2010-05-25,10,89
2010-05-29,22,89
2009-09-23,23,79
2009-09-30,21,69
2009-10-26,23,56
2009-12-13,14,45
2010-02-09,4,29
2010-02-20,11,55
2010-03-26,15,52
2010-03-27,21,59
2010-03-29,21,61
2010-03-30,18,73
2010-04-02,7,81
2010-04-03,24,68
2010-04-04,23,83
2010-04-08,38,61
2010-04-10,22,77
2010-04-11,11,82
2010-04-12,25,80
2010-04-14,11,86
2010-04-15,22,86
2010-04-16,20,76
2010-04-17,22,67
2010-04-18,21,67
2010-04-20,16,72
2010-04-21,10,76
2010-04-22,21,74
2010-04-23,19,77
2010-04-25,15,58
2010-04-28,13,71
2009-06-07,27,80
2008-07-28,25,87
2010-02-22,10,38
2010-03-02,16,45
2010-03-03,13,46
2010-03-04,13,50
2010-03-05,12,52
2010-03-06,12,58
2010-03-08,9,59
2010-03-09,11,57
2010-03-11,16,68
2010-03-12,24,50
2010-03-13,11,48
2010-03-15,23,54
2010-03-17,18,61
2010-03-18,16,64
2010-03-19,20,68
2010-03-22,20,60
2010-03-23,17,71
2010-03-24,21,73
2010-03-28,12,57
2009-05-24,38,85
2009-09-02,20,77
2010-01-10,19,28
2010-01-23,14,53
2010-01-28,7,31
2010-01-29,10,22
2010-01-30,15,33
2010-02-02,11,41
2010-02-03,10,38
2010-02-04,9,38
2010-02-06,13,35
2010-02-07,11,36
2010-02-10,6,31
2010-02-12,8,36
2010-02-13,13,37
2010-02-14,21,32
2010-02-16,7,33
2010-02-17,4,35
2010-02-19,21,43
2010-02-21,10,43
2010-02-23,6,39
2010-02-25,7,38
2010-02-26,9,41
2010-02-27,19,42
2009-09-27,17,83
2007-10-01,1,
2009-10-21,20,66
2009-12-04,23,33
2009-12-27,19,30
2010-01-02,14,18
2010-01-03,9,15
2010-01-06,6,30
2010-01-08,7,14
2010-01-09,10,15
2010-01-11,11,32
2010-01-12,12,32
2010-01-14,15,53
2010-01-15,16,44
2010-01-17,11,41
2010-01-18,13,46
2010-01-21,7,43
2010-01-22,22,40
2010-01-24,10,50
2010-01-26,6,31
2010-01-27,16,38
2009-03-14,23,57
2007-03-24,1,
2009-04-15,17,63
1999-04-26,1,
2003-04-26,1,
2009-06-13,30,85
2005-06-30,2,
2009-07-07,25,88
2009-07-20,23,84
2009-09-15,33,81
2009-09-24,11,74
2008-10-03,17,74
2009-10-20,24,77
2009-10-31,28,56
2009-11-22,25,60
2009-12-17,10,54
2008-12-26,14,66
2009-12-28,19,39
2009-12-29,15,30
2009-12-30,12,36
2002-01-27,1,
2009-05-08,30,73
2009-05-21,18,86
2005-08-01,2,
2009-09-19,34,83
2009-10-23,24,63
2009-11-02,23,70
2009-11-06,16,72
2009-11-08,19,76
2009-11-18,31,46
2009-11-19,22,52
2009-11-25,21,54
2009-11-28,27,73
2009-11-30,14,48
2009-12-01,12,57
2009-12-02,11,43
2009-12-03,18,39
2009-12-05,18,41
2009-12-06,9,39
2009-12-07,13,39
2009-12-08,13,43
2009-12-09,16,44
2009-12-10,8,28
2009-12-11,7,41
2009-12-12,20,41
2009-12-14,21,54
2009-12-15,15,30
2009-12-16,9,38
2009-12-18,19,45
2009-12-19,16,33
2009-12-20,17,33
2009-12-21,20,37
2009-12-23,10,52
2009-12-24,11,52
2009-12-26,13,31
2009-12-31,11,37
2009-04-01,20,65
2009-04-13,13,52
2009-08-07,20,89
2009-08-14,24,89
2008-08-26,27,83
2009-10-11,27,54
2009-10-16,20,47
2009-10-17,12,53
2009-10-25,36,66
2009-11-04,17,64
2009-11-05,11,61
2009-11-07,27,78
2009-11-10,22,58
2009-11-11,21,62
2008-11-12,16,58
2009-11-12,15,59
2009-11-13,15,65
2009-11-14,38,71
2009-11-15,20,56
2009-11-16,13,52
2009-11-20,27,59
2009-11-21,16,64
2009-11-23,25,60
2009-11-24,17,56
2009-11-27,20,56
2009-11-29,26,58
2009-01-07,18,41
2005-01-26,1,
2003-03-26,1,
2009-05-01,16,65
2008-06-26,23,87
2009-07-13,23,85
2009-07-21,9,78
2009-08-05,19,89
2009-08-26,17,89
2009-08-29,28,80
2002-09-05,1,
2009-09-12,18,83
2009-09-18,26,80
2009-09-22,15,82
2009-09-26,24,71
2009-10-02,24,66
2006-10-03,1,
2009-10-03,27,61
2009-10-04,19,68
2009-10-05,18,70
2009-10-07,10,66
2009-10-08,10,59
2009-10-10,25,59
2009-10-12,18,57
2009-10-13,21,50
2009-10-14,14,47
2009-10-15,24,50
2009-10-18,26,59
2009-10-19,20,74
2009-10-22,12,63
2009-10-24,20,62
2009-10-27,23,53
2009-10-28,14,58
2009-10-30,11,70
2006-10-31,1,
2008-11-05,21,75
1994-05-16,1,
2009-05-31,30,81
2009-08-11,20,88
2009-08-16,16,91
2009-08-30,27,68
2009-09-04,20,82
2006-09-05,1,
2009-09-05,11,74
2009-09-06,34,77
2007-09-08,0,
2009-09-08,24,82
2009-09-09,12,83
2009-09-10,21,83
2009-09-11,21,83
2009-09-13,25,81
2009-09-14,26,81
2009-09-16,23,84
2009-09-17,16,80
2009-09-20,16,69
2009-09-21,9,82
2009-09-28,21,70
2009-09-29,12,67
1998-12-05,1,
2005-05-01,1,
2009-05-22,33,86
2009-05-30,17,88
2009-06-11,18,83
2009-07-09,21,91
2009-07-10,29,87
2009-07-12,21,79
2009-07-18,26,73
2009-07-26,35,85
2009-07-28,18,93
2009-07-29,23,82
2009-07-30,18,82
2009-07-31,19,83
2009-08-02,17,83
2009-08-03,20,93
2009-08-04,20,88
2009-08-06,21,86
2009-08-08,25,97
2009-08-09,31,98
2009-08-10,16,88
2009-08-12,23,85
2009-08-15,31,91
2009-08-17,10,90
2009-08-18,20,83
2009-08-19,24,93
2009-08-21,15,82
2009-08-22,17,77
2009-08-23,22,78
2009-08-24,13,80
2009-08-25,16,85
2009-08-27,18,90
2009-08-28,25,77
2009-08-31,20,73
2008-10-01,25,67
2007-12-15,1,
2009-02-21,26,47
2009-04-16,30,63
2006-04-26,1,
2004-05-27,1,
2009-05-28,23,67
2009-06-12,19,75
2009-06-15,19,77
2009-06-16,28,82
2009-06-29,16,91
2009-06-30,27,87
2009-07-02,14,84
2009-07-03,16,86
2009-07-04,14,77
2009-07-06,20,85
2009-07-11,20,90
2009-07-14,20,82
2009-07-15,19,87
2009-07-16,26,89
2009-07-19,21,79
2009-07-22,25,79
2009-07-23,20,87
2009-07-24,22,91
2009-07-25,17,86
2009-07-27,27,88
1998-10-01,1,
2002-04-01,1,
2009-04-07,23,53
2009-04-21,28,62
2009-05-03,39,66
2009-05-23,33,84
2009-05-27,21,85
2009-05-29,26,81
2009-06-03,12,69
2009-06-04,25,72
2009-06-05,18,79
2009-06-06,32,82
2009-06-08,30,86
2009-06-09,32,76
2009-06-10,14,87
2009-06-14,26,80
2009-06-18,16,94
2009-06-19,17,95
2009-06-20,29,91
2009-06-21,23,94
2009-06-22,15,97
2009-06-23,25,96
2009-06-24,25,95
2009-06-25,9,96
2009-06-26,15,94
2009-06-27,27,98
2009-06-28,18,85
2008-12-15,13,29
2009-02-15,18,38
2004-03-01,1,
2009-03-08,51,75
2009-04-10,18,51
2009-04-18,16,71
2009-04-20,35,66
2009-04-24,32,90
2009-04-27,35,75
2009-04-28,37,65
2009-04-29,24,75
2009-04-30,18,70
2009-05-02,21,67
2009-05-04,20,71
2009-05-05,22,76
2009-05-06,13,70
2009-05-07,13,81
2009-05-09,32,68
2009-05-10,23,66
2009-05-11,25,73
2009-05-12,14,74
2009-05-13,18,84
2009-05-14,16,75
2009-05-15,22,86
2009-05-16,22,64
2009-05-17,32,66
2009-05-18,25,71
2009-05-19,19,81
2009-05-20,20,82
2009-05-25,25,76
2009-05-26,13,83
2002-06-11,1,
2008-09-24,13,86
2008-10-15,19,78
2008-11-20,18,38
2009-01-06,27,33
2009-03-01,12,33
2009-03-20,34,57
2005-03-21,1,
2009-03-22,24,69
2009-03-23,20,75
2009-03-26,20,63
2009-03-29,14,50
2009-03-30,18,66
2009-04-02,20,62
2009-04-03,27,59
2009-04-04,37,66
2009-04-05,20,67
2009-04-06,10,43
2009-04-08,21,63
2009-04-09,12,58
2009-04-11,12,59
2009-04-12,21,54
2009-04-17,28,74
2009-04-19,19,63
2009-04-22,14,75
2009-04-23,35,83
2009-04-25,26,87
2009-04-26,40,86
2003-05-06,1,
2001-06-14,1,
2006-07-02,0,
1997-10-31,1,
2008-11-11,20,50
2000-11-13,1,
2000-11-18,1,
2008-01-21,18,40
2009-01-26,6,20
2009-02-04,6,25
2009-02-06,16,66
2009-02-18,22,54
2009-02-26,24,68
2009-02-27,22,44
2009-02-28,22,32
2009-03-02,11,32
2009-03-03,18,36
2009-03-04,15,59
2009-03-05,26,69
2009-03-06,15,82
2009-03-07,28,77
2008-03-09,16,50
2009-03-09,15,56
2009-03-10,21,80
2009-03-11,14,37
2009-03-12,12,35
2009-03-13,14,48
2009-03-15,28,61
2009-03-16,41,70
2009-03-17,36,79
2009-03-18,15,70
2009-03-19,15,58
2009-03-21,35,60
2009-03-24,20,70
2009-03-25,22,60
2009-03-27,16,56
2009-03-31,17,62
2001-06-01,1,
2004-08-19,1,
2008-09-07,34,77
2009-01-08,16,35
2009-01-12,19,43
2009-01-17,15,45
2009-01-21,19,48
2009-01-23,18,44
2009-01-28,8,27
2009-02-02,10,40
2009-02-03,15,31
2009-02-05,20,45
2009-02-07,21,70
2009-02-08,24,58
2009-02-09,18,71
2009-02-10,21,71
2009-02-11,9,57
2009-02-12,24,57
2009-02-13,21,51
2009-02-14,18,41
2009-02-16,7,41
2009-02-17,13,45
2009-02-20,12,44
2009-02-22,18,35
2009-02-23,19,38
2009-02-24,12,49
2009-02-25,24,70
2005-07-02,0,
2008-07-12,26,91
2007-11-07,2,
2008-12-06,21,45
2008-12-23,17,38
2009-01-02,11,47
2009-01-03,26,61
2009-01-04,18,58
2009-01-05,17,30
2009-01-09,36,61
2009-01-10,13,53
2009-01-11,22,42
2009-01-13,12,36
2009-01-14,16,40
2009-01-15,12,13
2009-01-16,17,16
2009-01-18,24,38
2009-01-19,15,34
2009-01-22,19,58
2009-01-24,17,24
2009-01-25,2,18
2009-01-27,14,19
2009-01-30,14,34
2000-02-01,1,
2000-03-13,1,
2008-05-18,45,73
2008-09-11,33,83
2008-10-14,31,71
2008-12-11,15,39
2008-12-19,20,55
2008-12-21,11,16
2008-12-24,12,42
2008-12-27,16,68
2008-12-28,26,48
2008-12-30,18,66
2008-12-31,16,30
2008-07-04,47,79
2007-08-08,1,
1999-09-01,2,
2008-11-01,25,74
2008-11-04,20,74
2006-11-09,1,
2008-11-14,20,57
2008-11-16,16,57
2008-11-24,26,53
2008-11-25,21,44
2008-11-29,39,46
2008-11-30,16,36
2008-12-02,15,48
2008-12-03,21,49
2008-12-04,25,33
2008-12-05,16,32
2008-12-07,18,32
2008-12-09,15,55
2008-12-10,19,34
2008-12-12,13,42
2008-12-13,20,49
2008-12-14,11,61
2008-12-16,14,22
2008-12-17,19,26
2008-12-18,8,34
2008-12-20,16,37
2008-12-22,9,22
2008-12-29,27,57
2008-01-10,9,46
2007-03-22,1,
1999-06-17,1,
2007-07-17,1,
2007-08-02,0,
2008-08-05,18,96
2008-08-31,21,90
2008-09-03,22,79
2008-10-06,11,80
2008-10-18,18,62
2008-10-20,19,70
2008-10-22,14,62
2008-10-23,13,54
2008-10-25,25,61
2008-10-30,32,73
2008-10-31,25,75
2008-11-02,37,76
2008-11-03,21,77
2008-11-06,23,68
2008-11-07,11,52
2008-11-08,19,44
2008-11-09,7,41
2008-11-10,9,42
2008-11-15,20,44
2008-11-18,18,39
2008-11-19,20,59
2008-11-21,18,32
2008-11-22,18,38
2008-11-23,13,52
2008-11-26,11,55
2008-11-27,10,57
2008-11-28,26,50
1998-05-01,1,
2008-05-21,26,74
2008-07-22,23,82
2008-08-03,26,88
2008-08-15,23,84
2007-08-27,-1,
2008-09-06,26,74
2008-09-14,15,80
2008-09-19,30,83
2008-09-22,13,83
2008-09-23,28,86
2008-09-25,17,84
2008-09-27,36,81
2008-09-28,28,84
2008-09-29,26,74
2008-09-30,23,67
2008-10-02,20,66
2008-10-04,16,75
2008-10-05,22,81
2008-10-07,16,70
2008-10-09,15,76
2008-10-10,36,78
2008-10-11,32,83
2008-10-12,20,84
2008-10-13,21,75
2008-10-16,14,61
2008-10-17,17,63
2008-10-19,16,66
2008-10-21,14,62
2008-10-24,18,54
2008-10-26,22,64
2008-10-27,20,47
2008-10-28,19,51
2008-10-29,22,65
1999-01-01,1,
2001-03-23,1,
2000-04-29,1,
2008-06-16,19,84
2007-07-01,2,
2008-08-09,30,83
2008-08-17,32,83
2008-08-18,48,84
2008-08-20,23,85
2008-08-22,24,87
2008-08-28,23,90
2008-08-29,25,85
2008-08-30,28,86
2008-09-01,20,94
2008-09-02,15,91
2008-09-04,12,74
2008-09-05,21,64
2008-09-08,22,83
2008-09-09,13,71
2008-09-10,12,78
2008-09-12,22,83
2008-09-15,25,63
2008-09-16,35,73
2008-09-17,12,80
2008-09-18,17,81
2008-09-20,31,73
2008-09-21,28,77
1999-09-25,0,
2008-09-26,22,81
2003-10-01,1,
2003-01-25,1,
2003-02-27,1,
2008-04-20,32,72
2003-04-21,1,
2008-04-30,23,80
2008-06-14,16,87
1999-07-01,1,
2008-07-14,24,90
2008-07-18,27,94
2008-07-23,27,83
2008-07-25,19,84
2008-07-26,33,90
2008-07-29,16,96
2008-07-31,22,86
2008-08-01,16,94
2008-08-02,11,88
2008-08-04,23,98
2008-08-06,24,89
2008-08-07,13,85
2008-08-08,28,83
2008-08-10,17,83
2008-08-11,24,79
2008-08-12,16,83
2008-08-13,18,83
2008-08-14,31,83
2008-08-16,27,82
2008-08-19,16,84
1997-08-20,1,
2008-08-21,27,82
2008-08-23,26,93
2008-08-24,25,83
2007-08-25,1,
2008-08-25,29,80
2008-08-27,19,86
2007-11-04,-1,
2008-04-03,12,52
2000-04-20,1,
2008-04-21,30,78
2008-05-19,25,75
2008-06-09,23,84
2008-06-20,17,82
2008-06-21,28,87
2008-06-25,18,93
2008-06-27,22,89
2008-06-29,27,76
2008-06-30,21,83
2008-07-02,30,89
2008-07-05,26,82
2008-07-06,28,90
2008-07-07,19,94
2008-07-08,22,93
2008-07-09,18,87
2008-07-10,16,89
2008-07-11,33,93
2008-07-13,12,87
2008-07-15,29,91
1988-07-16,0,
2008-07-16,15,93
2008-07-17,25,93
2008-07-19,23,94
2008-07-21,21,98
2008-07-24,15,72
2008-07-27,28,91
2007-08-01,-1,
1988-09-19,1,
1983-10-01,1,
2007-11-06,1,
2005-01-17,1,
1984-02-07,1,
2008-03-07,20,33
2008-03-31,16,66
2004-04-03,1,
2008-04-27,25,58
2008-05-07,12,72
2008-05-15,13,59
2008-05-16,16,72
2008-05-24,18,68
2008-05-25,19,77
2008-05-26,18,81
2008-05-28,24,72
2008-05-30,29,89
2008-05-31,23,88
2008-06-02,21,84
2008-06-03,40,88
2008-06-04,15,88
2008-06-05,18,90
2008-06-06,26,85
2008-06-07,18,92
2008-06-08,26,93
2008-06-10,23,86
2008-06-11,23,87
2008-06-12,21,93
2008-06-13,26,80
2008-06-15,11,91
2008-06-17,14,81
2008-06-18,11,84
2008-06-19,32,86
2008-06-22,27,82
2008-06-23,21,84
2008-06-24,15,83
2008-06-28,20,81
2007-12-14,1,
2008-01-09,18,45
2008-01-16,24,46
2008-01-25,16,29
2008-03-13,26,60
2008-03-28,23,48
2008-04-06,26,67
2008-04-14,32,52
2008-04-15,24,63
2008-04-23,17,81
2008-04-25,25,80
2008-04-26,28,64
2008-05-02,13,77
2008-05-03,18,62
2008-05-04,37,71
2008-05-06,16,78
2008-05-08,16,61
2008-05-09,18,60
2008-05-10,15,67
2008-05-11,23,63
2008-05-12,31,69
2008-05-13,14,71
2008-05-14,18,68
2008-05-17,26,82
2008-05-20,29,68
2008-05-22,20,64
1999-05-23,1,
2008-05-23,26,74
2008-05-29,10,80
2004-05-31,1,
1999-06-21,1,
1999-06-24,1,
2007-07-18,1,
2006-10-01,1,
2007-10-10,1,
2007-12-05,0,
2007-12-22,1,
2008-01-15,14,36
2008-01-19,17,19
2008-02-06,22,37
2007-03-01,1,
2008-03-02,19,78
2008-03-15,24,52
2008-03-16,31,48
2008-03-21,15,70
2008-03-22,15,46
2008-03-25,10,64
2008-03-30,35,62
2008-04-01,10,51
2008-04-02,25,55
2008-04-04,26,50
2008-04-05,20,61
2008-04-07,19,67
2008-04-08,11,69
2008-04-09,15,57
2008-04-10,18,71
2008-04-11,19,62
2008-04-12,14,44
2008-04-13,34,43
2008-04-16,24,74
2008-04-17,18,78
2008-04-18,22,65
2008-04-19,19,58
2008-04-22,28,79
2008-04-24,21,73
2008-04-28,9,53
2001-08-31,1,
1981-09-12,0,
1989-09-26,1,
2007-10-12,1,
2005-10-25,1,
2007-11-21,1,
2007-12-03,1,
2008-01-17,14,39
2008-01-20,17,22
2008-01-22,18,34
2008-01-23,17,39
2008-02-02,22,48
2008-02-03,26,40
2008-02-13,16,33
2008-02-16,8,37
2008-02-21,10,25
2008-02-24,9,39
2008-02-27,23,37
2008-03-01,14,63
2008-03-03,20,66
2008-03-04,9,34
2008-03-05,11,44
2008-03-06,20,36
2008-03-08,20,34
2008-03-10,19,44
2008-03-11,13,59
2008-03-12,23,71
2008-03-14,23,60
2008-03-17,27,51
2007-03-18,0,
2008-03-18,15,57
2008-03-19,9,47
2008-03-20,21,61
2008-03-23,16,41
2008-03-24,18,48
2008-03-26,19,62
2008-03-27,13,63
2007-07-04,1,
2003-08-01,1,
2007-10-18,1,
2006-11-01,1,
2008-01-05,15,58
2008-01-07,21,73
2008-01-14,14,36
2008-01-26,9,54
2008-01-28,16,56
2008-01-30,18,30
2008-02-01,14,31
2008-02-04,20,75
2008-02-05,12,68
2008-02-07,11,39
2008-02-08,21,50
2008-02-09,15,57
2008-02-10,12,31
2008-02-11,7,20
2008-02-12,10,23
2008-02-14,22,54
2008-02-15,10,41
2008-02-17,13,56
2008-02-19,13,32
2008-02-20,4,32
2008-02-22,14,27
2008-02-23,11,38
2008-02-25,28,41
2008-02-26,9,36
2008-02-28,25,39
2008-02-29,23,52
2007-08-21,1,
2007-08-29,1,
2007-10-22,1,
1999-11-25,1,
2005-12-01,1,
2007-12-19,-1,
1977-01-01,1,
1993-01-01,1,
2004-01-02,0,
2008-01-02,6,23
2008-01-03,12,34
2008-01-04,18,45
2008-01-06,14,73
2008-01-08,14,66
2008-01-11,8,44
2008-01-13,20,35
2008-01-18,16,43
2008-01-24,12,21
2008-01-27,20,59
2008-01-29,15,73
2008-01-31,11,30
2007-05-01,1,
2006-06-01,1,
2007-07-21,1,
2007-09-15,1,
2007-10-23,1,
2007-11-20,1,
2006-12-11,1,
2007-12-11,2,
1995-12-16,1,
2000-12-16,0,
2007-12-20,0,
2007-12-24,2,
2007-12-26,0,
2007-12-29,2,
2007-12-30,2,
2007-12-31,1,
